id,first_name,last_name,email,phone,gender
1,Gerome,Milverton,gmilverton0@ox.ac.uk,+33 (422) 272-3025,Female
2,Duffy,Denley,ddenley1@jugem.jp,+62 (958) 178-2736,Genderqueer
3,Hurleigh,Whannel,hwhannel2@sourceforge.net,+7 (493) 501-5454,Female
4,Natale,Salvidge,nsalvidge3@mozilla.org,+63 (116) 734-9060,Genderfluid
5,Goldina,Haggata,ghaggata4@pcworld.com,+7 (764) 937-0874,Male
6,Clarinda,Evason,cevason5@mozilla.org,+63 (870) 653-3207,Non-binary
7,Pebrook,Wagen,pwagen6@bizjournals.com,+58 (348) 776-1442,Polygender
8,Justina,MacCartair,jmaccartair7@fda.gov,+7 (666) 573-2487,Genderfluid
9,Mycah,Guierre,mguierre8@soup.io,+351 (742) 102-7377,Female
10,Nerta,Comins,ncomins9@oaic.gov.au,+7 (399) 959-2380,Genderfluid
11,Gaspard,Rashleigh,grashleigha@behance.net,+86 (925) 224-2266,Polygender
12,Tommy,Dymock,tdymockb@fema.gov,+86 (157) 672-4716,Polygender
13,Bartram,Myton,bmytonc@1688.com,+57 (616) 708-8481,Female
14,Riannon,Rosgen,rrosgend@bigcartel.com,+380 (985) 745-6771,Female
15,Davidson,Bleyman,dbleymane@opera.com,+506 (963) 427-9285,Bigender
16,Noach,Endricci,nendriccif@ebay.co.uk,+62 (158) 766-3245,Genderfluid
17,Tarah,Shepley,tshepleyg@apache.org,+387 (490) 910-8550,Genderfluid
18,Ashly,O'Dennehy,aodennehyh@ifeng.com,+86 (301) 270-4514,Non-binary
19,Falito,Couve,fcouvei@google.fr,+62 (243) 592-2135,Agender
20,Hendrick,Gauch,hgauchj@miitbeian.gov.cn,+33 (595) 964-5346,Polygender
21,Thorn,Groves,tgrovesk@spotify.com,+1 (187) 832-3860,Polygender
22,Holden,Avent,haventl@theglobeandmail.com,+27 (528) 628-3646,Polygender
23,Kelbee,Lancastle,klancastlem@ow.ly,+86 (882) 604-1185,Non-binary
24,Bartholomeo,Pippard,bpippardn@simplemachines.org,+81 (988) 289-7981,Female
25,Trefor,Crush,tcrusho@acquirethisname.com,+234 (199) 290-1630,Genderqueer
26,Martyn,Morrallee,mmorralleep@t-online.de,+81 (305) 626-9239,Non-binary
27,Spencer,Lossman,slossmanq@t.co,+86 (909) 475-5760,Female
28,Jemmie,Durning,jdurningr@examiner.com,+64 (106) 670-0174,Genderfluid
29,Jeralee,Bowcock,jbowcocks@oakley.com,+81 (769) 643-1985,Genderfluid
30,Sharleen,Fleetham,sfleethamt@etsy.com,+55 (482) 753-0482,Agender
31,Gauthier,Rosenstiel,grosenstielu@forbes.com,+994 (238) 172-4241,Bigender
32,Anni,Schieferstein,aschiefersteinv@tumblr.com,+81 (209) 703-5734,Polygender
33,Prissie,Philipard,pphilipardw@sakura.ne.jp,+86 (839) 459-6065,Male
34,Coop,Sentance,csentancex@comsenz.com,+62 (454) 410-0791,Male
35,Ingelbert,Kopps,ikoppsy@devhub.com,+81 (430) 828-4961,Non-binary
36,Briney,Tibbs,btibbsz@businessweek.com,+46 (570) 783-0848,Non-binary
37,Kevina,Caller,kcaller10@google.co.jp,+92 (369) 367-6368,Male
38,Waylen,Denington,wdenington11@miibeian.gov.cn,+86 (389) 786-2687,Agender
39,Clary,Grubey,cgrubey12@xing.com,+66 (863) 520-9451,Bigender
40,Claudianus,Donald,cdonald13@dion.ne.jp,+63 (802) 589-6848,Genderfluid
41,Hilliard,Nolda,hnolda14@mapy.cz,+351 (422) 971-4465,Genderqueer
42,Jud,McBeath,jmcbeath15@theatlantic.com,+595 (864) 917-1078,Female
43,Corbet,Schapero,cschapero16@phpbb.com,+51 (696) 148-2955,Non-binary
44,Mattie,Greening,mgreening17@amazon.co.jp,+86 (817) 393-3862,Bigender
45,Elise,Feldstein,efeldstein18@cnbc.com,+51 (153) 631-3932,Genderqueer
46,Sumner,Camplen,scamplen19@360.cn,+86 (574) 654-4551,Non-binary
47,Perri,Trevear,ptrevear1a@businesswire.com,+86 (278) 109-2216,Genderfluid
48,Bear,Jay,bjay1b@army.mil,+63 (421) 454-9640,Polygender
49,Emlen,Crowth,ecrowth1c@zimbio.com,+86 (834) 927-2106,Genderfluid
50,Melinda,Lawton,mlawton1d@miibeian.gov.cn,+81 (541) 206-8217,Genderqueer
51,Simeon,Meineck,smeineck1e@cbc.ca,+57 (285) 635-5217,Bigender
52,Bear,Skoyles,bskoyles1f@latimes.com,+381 (730) 939-7758,Genderfluid
53,Monti,McInnery,mmcinnery1g@linkedin.com,+351 (330) 528-3520,Female
54,Benni,Huggons,bhuggons1h@plala.or.jp,+55 (835) 814-6831,Polygender
55,Kipp,Jira,kjira1i@latimes.com,+976 (279) 972-0757,Female
56,Cordi,Greenwood,cgreenwood1j@addthis.com,+49 (641) 421-6305,Genderfluid
57,Rorke,Weall,rweall1k@psu.edu,+86 (572) 979-4963,Genderqueer
58,Dido,Catlette,dcatlette1l@photobucket.com,+257 (407) 191-5034,Genderqueer
59,Audra,Castlake,acastlake1m@yahoo.co.jp,+992 (943) 399-5363,Non-binary
60,Shanna,Shambroke,sshambroke1n@geocities.jp,+31 (200) 648-4312,Male
61,Mortimer,Linton,mlinton1o@dailymotion.com,+48 (406) 959-1133,Agender
62,Dieter,Prattington,dprattington1p@is.gd,+1 (661) 308-8413,Male
63,Elise,Fehners,efehners1q@ibm.com,+63 (751) 196-3115,Bigender
64,Lorrie,Ainslie,lainslie1r@naver.com,+62 (309) 142-9435,Bigender
65,Francis,Blood,fblood1s@taobao.com,+86 (153) 331-8172,Bigender
66,Eugenia,Anglish,eanglish1t@china.com.cn,+595 (670) 461-3699,Polygender
67,Merrily,Leed,mleed1u@smh.com.au,+27 (327) 491-4004,Male
68,Rochette,Vlahos,rvlahos1v@unblog.fr,+507 (930) 461-3033,Bigender
69,Cecilla,De Avenell,cdeavenell1w@cbslocal.com,+51 (576) 687-9909,Genderfluid
70,Enrique,Regan,eregan1x@1und1.de,+51 (490) 887-2035,Genderqueer
71,Timmy,Skewis,tskewis1y@si.edu,+86 (694) 936-0749,Agender
72,Dillon,Gravenor,dgravenor1z@wsj.com,+86 (436) 660-1466,Polygender
73,Adrian,Ghirardi,aghirardi20@cafepress.com,+355 (329) 156-2284,Non-binary
74,Adamo,Boulding,aboulding21@bloomberg.com,+380 (709) 796-5454,Bigender
75,Nanni,D'Avaux,ndavaux22@accuweather.com,+64 (333) 628-9899,Polygender
76,Lira,Lorentz,llorentz23@symantec.com,+84 (211) 902-5986,Genderqueer
77,Rowan,Tangye,rtangye24@nhs.uk,+86 (841) 272-3681,Non-binary
78,Christabella,Pelling,cpelling25@phoca.cz,+86 (983) 211-8579,Genderfluid
79,Indira,Ivanaev,iivanaev26@nps.gov,+86 (293) 108-7184,Non-binary
80,Malcolm,Champken,mchampken27@virginia.edu,+48 (535) 824-1158,Male
81,Pete,Paylie,ppaylie28@cpanel.net,+86 (971) 456-2815,Polygender
82,Celie,Gaukrodge,cgaukrodge29@loc.gov,+63 (416) 548-3095,Genderfluid
83,Zelig,Galpin,zgalpin2a@pbs.org,+257 (567) 154-4140,Genderqueer
84,Mab,Sudworth,msudworth2b@vinaora.com,+375 (276) 270-6353,Female
85,Herman,McKernon,hmckernon2c@deliciousdays.com,+63 (600) 151-4122,Female
86,Alli,Joisce,ajoisce2d@abc.net.au,+86 (705) 284-5598,Non-binary
87,Davin,Stonebridge,dstonebridge2e@ocn.ne.jp,+86 (771) 584-6644,Genderfluid
88,Collette,Fetherstan,cfetherstan2f@reference.com,+62 (942) 173-8489,Polygender
89,Stacy,Johananoff,sjohananoff2g@networkadvertising.org,+56 (157) 352-0163,Male
90,Lacey,Clooney,lclooney2h@chronoengine.com,+86 (988) 424-4712,Male
91,Linda,Kuhne,lkuhne2i@cnbc.com,+55 (209) 119-2032,Non-binary
92,Yvor,Dickey,ydickey2j@t-online.de,+62 (345) 997-3610,Genderfluid
93,Suzanna,Gosson,sgosson2k@homestead.com,+420 (398) 300-9328,Bigender
94,Junette,Bruineman,jbruineman2l@narod.ru,+351 (128) 476-0385,Genderfluid
95,Brennen,Mapson,bmapson2m@usnews.com,+7 (541) 206-6702,Female
96,Hakim,Bore,hbore2n@mozilla.com,+46 (215) 555-9637,Male
97,Fidelity,Yashunin,fyashunin2o@gizmodo.com,+62 (718) 501-5122,Bigender
98,Ashil,Oughton,aoughton2p@people.com.cn,+1 (843) 548-7937,Bigender
99,Aymer,Faircley,afaircley2q@apple.com,+51 (215) 931-6671,Genderfluid
100,Keane,Lezemore,klezemore2r@parallels.com,+351 (887) 569-5274,Polygender
101,Izak,Frisch,ifrisch2s@foxnews.com,+81 (231) 953-6287,Genderqueer
102,Marja,Chatto,mchatto2t@shareasale.com,+86 (107) 419-2458,Agender
103,Randy,Annion,rannion2u@mysql.com,+98 (717) 690-5949,Male
104,Feodor,Nodes,fnodes2v@example.com,+86 (391) 745-3732,Polygender
105,Reta,Takis,rtakis2w@sohu.com,+86 (623) 459-8460,Non-binary
106,Marius,Collison,mcollison2x@g.co,+33 (400) 695-7372,Genderqueer
107,Derril,Sketh,dsketh2y@w3.org,+86 (382) 728-3175,Female
108,Crista,Mitkov,cmitkov2z@csmonitor.com,+850 (871) 171-2586,Agender
109,Janis,Messenger,jmessenger30@so-net.ne.jp,+86 (615) 519-6117,Agender
110,Briant,Lorait,blorait31@ow.ly,+1 (967) 708-9783,Polygender
111,Hannah,Harlin,hharlin32@imgur.com,+1 (316) 711-6979,Polygender
112,Iggy,Aitkenhead,iaitkenhead33@sciencedaily.com,+63 (398) 738-1779,Polygender
113,Dede,Hellings,dhellings34@altervista.org,+7 (874) 534-6267,Polygender
114,Even,Soggee,esoggee35@1688.com,+86 (142) 546-2467,Non-binary
115,Libby,Doogue,ldoogue36@acquirethisname.com,+46 (300) 452-9505,Bigender
116,Peria,Stratten,pstratten37@addthis.com,+7 (473) 240-4083,Polygender
117,Giacobo,Callacher,gcallacher38@vimeo.com,+1 (714) 968-5484,Genderqueer
118,Gabbie,Cowlin,gcowlin39@amazon.de,+599 (616) 223-4630,Male
119,Sterling,Richford,srichford3a@about.com,+62 (447) 680-2226,Agender
120,Kali,Hugonneau,khugonneau3b@baidu.com,+7 (630) 313-9818,Female
121,Nichole,Kaaskooper,nkaaskooper3c@nasa.gov,+420 (997) 915-0312,Genderfluid
122,Dennie,Ordelt,dordelt3d@house.gov,+55 (847) 303-6496,Male
123,Allan,Firebrace,afirebrace3e@linkedin.com,+351 (749) 820-8968,Non-binary
124,Ely,Dinse,edinse3f@toplist.cz,+380 (224) 473-2621,Female
125,Shara,Ferson,sferson3g@soundcloud.com,+48 (945) 231-0615,Male
126,Bevvy,Yantsev,byantsev3h@vistaprint.com,+86 (658) 248-1476,Genderqueer
127,Garwin,Fitton,gfitton3i@studiopress.com,+51 (570) 839-3836,Non-binary
128,Edna,Hocking,ehocking3j@yahoo.com,+46 (876) 394-2544,Agender
129,Roobbie,Sleit,rsleit3k@upenn.edu,+94 (743) 365-0336,Non-binary
130,Rania,Forster,rforster3l@epa.gov,+86 (971) 649-4408,Genderfluid
131,Ives,Ruffle,iruffle3m@e-recht24.de,+86 (407) 549-8026,Bigender
132,Kayle,Sharman,ksharman3n@squidoo.com,+86 (490) 716-8119,Bigender
133,Charyl,Belhomme,cbelhomme3o@zimbio.com,+81 (534) 202-9504,Bigender
134,Jania,Gozard,jgozard3p@miibeian.gov.cn,+7 (771) 145-7677,Polygender
135,Cort,Whilde,cwhilde3q@about.com,+86 (124) 145-9505,Polygender
136,Alice,Meneer,ameneer3r@icq.com,+55 (327) 723-4121,Non-binary
137,Bancroft,Latus,blatus3s@slashdot.org,+47 (900) 620-7582,Female
138,Angelita,Dunlap,adunlap3t@apache.org,+81 (299) 273-9013,Non-binary
139,Etan,Elston,eelston3u@ted.com,+45 (357) 734-4852,Genderqueer
140,Beverley,Lettson,blettson3v@rambler.ru,+7 (310) 156-9770,Non-binary
141,Gert,Guise,gguise3w@princeton.edu,+66 (232) 165-4023,Bigender
142,Delmar,Grabeham,dgrabeham3x@wired.com,+970 (539) 305-6841,Agender
143,Suzie,Catton,scatton3y@technorati.com,+86 (114) 874-3105,Bigender
144,Raleigh,Garrish,rgarrish3z@google.it,+387 (116) 233-0708,Polygender
145,Cyrillus,Pember,cpember40@opera.com,+44 (184) 297-5829,Agender
146,Lucias,Pennycuick,lpennycuick41@blogger.com,+86 (712) 462-4277,Non-binary
147,Rafaela,Smallcombe,rsmallcombe42@thetimes.co.uk,+976 (247) 760-2676,Non-binary
148,Harlin,Pinkney,hpinkney43@multiply.com,+86 (839) 712-8233,Genderfluid
149,Christen,Dieton,cdieton44@bloglovin.com,+351 (273) 318-4302,Bigender
150,Rollin,Medcalfe,rmedcalfe45@xinhuanet.com,+52 (784) 474-6065,Non-binary
151,Verine,Drinkall,vdrinkall46@cdbaby.com,+63 (492) 187-5459,Male
152,Nathaniel,Meneghi,nmeneghi47@ovh.net,+84 (358) 495-1085,Genderfluid
153,Clarie,Lofting,clofting48@who.int,+1 (977) 998-9558,Polygender
154,Michail,Brownsell,mbrownsell49@youtu.be,+1 (915) 323-6066,Female
155,Immanuel,Broad,ibroad4a@xinhuanet.com,+82 (223) 188-4385,Agender
156,Lion,Marrion,lmarrion4b@domainmarket.com,+86 (675) 678-2656,Polygender
157,Camellia,Galilee,cgalilee4c@latimes.com,+92 (867) 507-2532,Bigender
158,Haley,Van den Broek,hvandenbroek4d@epa.gov,+86 (536) 260-1302,Non-binary
159,Kristopher,Yewen,kyewen4e@sciencedaily.com,+228 (894) 438-7320,Non-binary
160,Rochella,Eilert,reilert4f@microsoft.com,+98 (471) 444-2268,Genderqueer
161,Roana,Jados,rjados4g@fotki.com,+46 (597) 613-5026,Polygender
162,Allyn,Loughlin,aloughlin4h@hud.gov,+352 (691) 188-3846,Polygender
163,Shina,Gammack,sgammack4i@gravatar.com,+212 (302) 889-8608,Non-binary
164,Emmaline,Iacovino,eiacovino4j@oracle.com,+7 (362) 471-0317,Polygender
165,Devinne,Commander,dcommander4k@imageshack.us,+93 (989) 385-6869,Male
166,Moritz,Cross,mcross4l@latimes.com,+7 (298) 790-4424,Polygender
167,Issi,Latek,ilatek4m@wordpress.com,+261 (293) 198-6866,Male
168,Brena,Castledine,bcastledine4n@mayoclinic.com,+251 (932) 435-2225,Agender
169,Ulysses,Keatch,ukeatch4o@tmall.com,+86 (911) 331-7712,Agender
170,Auberta,Murrhaupt,amurrhaupt4p@microsoft.com,+55 (800) 146-0862,Male
171,Astrid,Maddox,amaddox4q@blog.com,+30 (418) 196-8111,Non-binary
172,Clayton,Kittles,ckittles4r@wiley.com,+420 (704) 526-8221,Genderqueer
173,Pauline,Spurriar,pspurriar4s@icq.com,+7 (190) 891-9967,Bigender
174,Gretta,Castleman,gcastleman4t@ehow.com,+33 (118) 729-7797,Non-binary
175,Arabela,McEvilly,amcevilly4u@printfriendly.com,+86 (138) 203-4204,Male
176,Dodie,Demkowicz,ddemkowicz4v@jimdo.com,+52 (906) 881-6132,Genderqueer
177,Fergus,Baynom,fbaynom4w@google.pl,+86 (896) 179-1643,Genderqueer
178,Georg,Bradie,gbradie4x@webs.com,+1 (816) 533-7780,Polygender
179,Kippie,Leathart,kleathart4y@taobao.com,+972 (821) 144-2041,Genderfluid
180,Kathrine,Verne,kverne4z@constantcontact.com,+86 (373) 611-2701,Female
181,Xenia,Warton,xwarton50@addtoany.com,+62 (107) 392-6068,Agender
182,Janette,Rugg,jrugg51@arstechnica.com,+63 (482) 733-8975,Male
183,Raquela,Blampied,rblampied52@soundcloud.com,+63 (237) 952-3657,Male
184,Flint,Solomonides,fsolomonides53@wunderground.com,+62 (349) 760-9760,Polygender
185,Clarissa,Orys,corys54@360.cn,+218 (488) 223-5332,Genderfluid
186,Olivie,Woolfoot,owoolfoot55@blog.com,+62 (167) 821-7733,Polygender
187,Ginger,Howe,ghowe56@forbes.com,+86 (574) 991-0055,Agender
188,Guenevere,Amphlett,gamphlett57@unblog.fr,+86 (473) 992-8413,Female
189,Heddie,Kilner,hkilner58@rediff.com,+261 (653) 293-9744,Polygender
190,Kandy,Veschambre,kveschambre59@vimeo.com,+976 (513) 326-3049,Genderqueer
191,Dick,Coase,dcoase5a@yolasite.com,+1 (323) 272-1600,Female
192,Camille,Dunabie,cdunabie5b@meetup.com,+51 (612) 241-4653,Non-binary
193,Garrett,Coyne,gcoyne5c@php.net,+880 (525) 899-7240,Non-binary
194,Melly,Lanney,mlanney5d@g.co,+880 (512) 146-5905,Female
195,Daveen,Guilford,dguilford5e@washingtonpost.com,+66 (525) 615-8699,Female
196,Adele,Cowlas,acowlas5f@slate.com,+358 (419) 429-2186,Agender
197,Delores,Tredger,dtredger5g@gravatar.com,+86 (610) 514-4444,Genderfluid
198,Aeriel,Carlyon,acarlyon5h@merriam-webster.com,+380 (150) 736-8019,Female
199,Jacinta,Stenbridge,jstenbridge5i@google.ca,+63 (675) 538-4984,Genderfluid
200,Edin,Helks,ehelks5j@xing.com,+66 (811) 774-3099,Bigender
201,Barbey,Tzar,btzar5k@usda.gov,+62 (211) 103-7161,Agender
202,Denny,Marmion,dmarmion5l@ibm.com,+251 (478) 110-3856,Genderfluid
203,Isidore,Pelz,ipelz5m@jugem.jp,+351 (373) 949-8364,Bigender
204,Cindie,Warboy,cwarboy5n@ihg.com,+55 (846) 815-0492,Genderfluid
205,Iago,Emms,iemms5o@slate.com,+1 (770) 209-2985,Female
206,Avis,Renachowski,arenachowski5p@thetimes.co.uk,+86 (714) 864-9222,Polygender
207,Eduard,Bussons,ebussons5q@baidu.com,+62 (426) 744-9174,Male
208,Angelique,Horning,ahorning5r@harvard.edu,+46 (325) 730-3748,Polygender
209,Rodie,Dow,rdow5s@istockphoto.com,+66 (434) 193-7979,Polygender
210,Toiboid,Icom,ticom5t@omniture.com,+63 (868) 210-6927,Non-binary
211,Arlin,Crain,acrain5u@reverbnation.com,+27 (393) 349-7319,Non-binary
212,Dory,O'Lagene,dolagene5v@auda.org.au,+7 (288) 413-0164,Female
213,Greta,Breydin,gbreydin5w@addtoany.com,+63 (144) 601-8280,Male
214,Mayor,Leynagh,mleynagh5x@cpanel.net,+86 (605) 823-5990,Polygender
215,Hortensia,Gallager,hgallager5y@vk.com,+63 (930) 459-3542,Polygender
216,Ned,Vereker,nvereker5z@blogtalkradio.com,+351 (142) 179-8649,Agender
217,Reinaldo,Wardle,rwardle60@clickbank.net,+86 (300) 167-3633,Genderqueer
218,Iolande,Slessor,islessor61@live.com,+1 (176) 462-9572,Polygender
219,Lexy,O'Logan,lologan62@hc360.com,+51 (103) 563-6167,Bigender
220,Maxine,MacArthur,mmacarthur63@tinypic.com,+86 (614) 267-5962,Genderfluid
221,Biddy,MacFadzean,bmacfadzean64@hp.com,+48 (845) 600-4779,Female
222,Lemmy,Shipman,lshipman65@trellian.com,+62 (716) 363-9289,Female
223,Wash,Oles,woles66@google.com.hk,+62 (628) 848-4059,Female
224,Cesya,Meneer,cmeneer67@creativecommons.org,+7 (408) 579-4697,Genderfluid
225,Tome,Biddulph,tbiddulph68@fotki.com,+86 (171) 963-4397,Male
226,Berton,Nicholson,bnicholson69@ustream.tv,+92 (732) 959-6915,Polygender
227,Franky,MacIlwrick,fmacilwrick6a@soup.io,+62 (569) 856-7061,Agender
228,Benito,Yurygyn,byurygyn6b@dropbox.com,+86 (648) 763-5403,Genderfluid
229,Al,Spaunton,aspaunton6c@domainmarket.com,+1 (212) 457-8153,Male
230,Giselle,Malan,gmalan6d@disqus.com,+60 (229) 933-6449,Polygender
231,Amie,Pedel,apedel6e@theatlantic.com,+502 (886) 892-6790,Genderqueer
232,Belita,Dymott,bdymott6f@livejournal.com,+46 (402) 743-0770,Genderfluid
233,Dorita,Rubenov,drubenov6g@prweb.com,+7 (322) 542-6978,Bigender
234,Gun,Grouen,ggrouen6h@slideshare.net,+86 (767) 530-6146,Genderfluid
235,Alphonse,Harradence,aharradence6i@tripadvisor.com,+62 (203) 319-9937,Non-binary
236,Bear,Bettinson,bbettinson6j@addtoany.com,+86 (602) 366-8482,Bigender
237,Shanna,MacCallam,smaccallam6k@jiathis.com,+86 (708) 432-8832,Agender
238,Abagail,Worms,aworms6l@state.gov,+86 (336) 125-1979,Bigender
239,Guthrie,Nobes,gnobes6m@msu.edu,+86 (820) 365-3020,Agender
240,Trueman,Tribell,ttribell6n@github.com,+46 (884) 182-8120,Genderqueer
241,Nancy,Adkin,nadkin6o@dedecms.com,+46 (510) 151-9088,Male
242,Anallese,Yurkiewicz,ayurkiewicz6p@prweb.com,+62 (193) 187-3169,Polygender
243,Luisa,Haslen,lhaslen6q@t.co,+62 (280) 375-1682,Bigender
244,Corette,Willerstone,cwillerstone6r@go.com,+63 (108) 445-1002,Female
245,Vladimir,Murtell,vmurtell6s@biblegateway.com,+52 (393) 291-0527,Polygender
246,Poppy,Whapple,pwhapple6t@webnode.com,+86 (672) 488-2037,Non-binary
247,Willard,Urch,wurch6u@digg.com,+63 (520) 893-5601,Genderfluid
248,Ulberto,Dicken,udicken6v@ihg.com,+1 (544) 698-7761,Genderfluid
249,Elspeth,Fery,efery6w@nih.gov,+358 (279) 220-8020,Agender
250,Raynard,Hadny,rhadny6x@goodreads.com,+351 (388) 142-7888,Female
251,Hermie,Gresty,hgresty6y@upenn.edu,+968 (124) 563-9949,Male
252,Percy,Jenman,pjenman6z@live.com,+52 (414) 788-2958,Agender
253,Maurice,Buntain,mbuntain70@infoseek.co.jp,+62 (134) 189-4261,Genderfluid
254,Anica,Demougeot,ademougeot71@gov.uk,+60 (198) 106-9480,Genderfluid
255,Jammal,Weddeburn,jweddeburn72@ycombinator.com,+56 (742) 169-3682,Polygender
256,Emmi,Glanfield,eglanfield73@squarespace.com,+62 (105) 470-7860,Genderfluid
257,Tamiko,Desquesnes,tdesquesnes74@topsy.com,+351 (840) 717-5055,Agender
258,Agnola,Nucci,anucci75@miitbeian.gov.cn,+63 (287) 642-0797,Genderfluid
259,Loleta,Edland,ledland76@webeden.co.uk,+234 (814) 467-7613,Agender
260,Marcelline,Dulton,mdulton77@sitemeter.com,+66 (345) 159-0644,Male
261,Kandy,Hambridge,khambridge78@nytimes.com,+92 (750) 355-6641,Genderqueer
262,Haywood,Norvell,hnorvell79@imdb.com,+66 (719) 632-9481,Genderqueer
263,Candice,Meneghelli,cmeneghelli7a@berkeley.edu,+420 (174) 746-2162,Female
264,Shadow,Brunet,sbrunet7b@mit.edu,+380 (799) 470-0964,Female
265,Darius,Tallant,dtallant7c@trellian.com,+62 (455) 469-5197,Female
266,Timmie,Criag,tcriag7d@creativecommons.org,+33 (341) 277-9835,Male
267,Daphne,Florez,dflorez7e@blinklist.com,+63 (543) 558-8564,Genderfluid
268,Babb,Stockow,bstockow7f@ifeng.com,+62 (357) 315-0995,Bigender
269,Jarib,Glayzer,jglayzer7g@abc.net.au,+55 (338) 449-4108,Female
270,Lacee,Limbert,llimbert7h@alexa.com,+84 (420) 175-9675,Genderqueer
271,Paola,O'Dogherty,podogherty7i@technorati.com,+355 (985) 386-2724,Male
272,Lynnet,Greder,lgreder7j@parallels.com,+1 (262) 184-5135,Non-binary
273,Khalil,Reditt,kreditt7k@sina.com.cn,+57 (888) 142-5334,Agender
274,Dov,Thorsen,dthorsen7l@youtu.be,+62 (207) 702-6234,Non-binary
275,Dunstan,Bockh,dbockh7m@delicious.com,+63 (923) 721-2827,Genderqueer
276,Kyrstin,Fearne,kfearne7n@diigo.com,+48 (425) 141-9415,Bigender
277,Junie,Galero,jgalero7o@twitter.com,+380 (756) 638-7221,Non-binary
278,Ado,Waller-Bridge,awallerbridge7p@noaa.gov,+86 (424) 280-8889,Agender
279,Cassondra,Beetlestone,cbeetlestone7q@icio.us,+39 (250) 448-4732,Female
280,Art,Streight,astreight7r@elegantthemes.com,+86 (441) 952-9812,Polygender
281,Adolf,Spykings,aspykings7s@tmall.com,+49 (828) 547-5092,Genderqueer
282,Harri,McGivena,hmcgivena7t@nytimes.com,+996 (454) 399-1294,Polygender
283,Ricki,Chasen,rchasen7u@webeden.co.uk,+86 (858) 709-6366,Male
284,Sibley,Seller,sseller7v@liveinternet.ru,+226 (612) 579-1139,Polygender
285,Glad,MacCarrane,gmaccarrane7w@dyndns.org,+356 (423) 110-8763,Agender
286,Tyson,Gerrill,tgerrill7x@creativecommons.org,+62 (524) 193-6732,Polygender
287,Henrie,Iacomini,hiacomini7y@slideshare.net,+98 (314) 626-7253,Female
288,Hamnet,Greschke,hgreschke7z@livejournal.com,+592 (282) 804-1312,Non-binary
289,Cornie,Tooting,ctooting80@blogger.com,+86 (167) 203-9454,Female
290,Merell,Oiseau,moiseau81@army.mil,+48 (597) 301-5414,Bigender
291,Cortney,Scobbie,cscobbie82@xrea.com,+86 (267) 661-6998,Agender
292,Reinold,Housby,rhousby83@clickbank.net,+62 (293) 935-3541,Genderfluid
293,Shawn,MacCracken,smaccracken84@vk.com,+1 (323) 373-1927,Male
294,Creight,Christene,cchristene85@jimdo.com,+54 (791) 289-0452,Male
295,Innis,Birrel,ibirrel86@icio.us,+86 (476) 599-6840,Bigender
296,Isis,Daens,idaens87@squarespace.com,+7 (906) 489-4260,Non-binary
297,Field,Burstowe,fburstowe88@instagram.com,+218 (190) 943-7759,Polygender
298,Dione,Snowsill,dsnowsill89@netscape.com,+81 (431) 544-6697,Bigender
299,Israel,de Najera,idenajera8a@netscape.com,+81 (695) 231-4942,Female
300,Paddie,Sainsbury,psainsbury8b@msu.edu,+62 (166) 430-3534,Male
301,Lavinie,Kyne,lkyne8c@npr.org,+220 (528) 141-6663,Bigender
302,Thea,Alexis,talexis8d@upenn.edu,+994 (452) 830-7119,Female
303,Cristin,Hammell,chammell8e@jugem.jp,+420 (117) 316-8197,Bigender
304,Burt,Klimschak,bklimschak8f@cbc.ca,+51 (986) 578-1994,Female
305,Pandora,Castagnet,pcastagnet8g@photobucket.com,+7 (916) 887-1766,Bigender
306,Lydon,Aldritt,laldritt8h@issuu.com,+299 (109) 621-3190,Genderqueer
307,Jeremiah,Brushneen,jbrushneen8i@pagesperso-orange.fr,+62 (455) 381-8313,Agender
308,Julianna,O'Kelly,jokelly8j@storify.com,+48 (932) 100-1163,Female
309,Tiena,Grishenkov,tgrishenkov8k@google.com.hk,+46 (349) 393-7207,Genderfluid
310,Halley,Brende,hbrende8l@digg.com,+86 (490) 823-7653,Non-binary
311,Erma,Raimbauld,eraimbauld8m@wsj.com,+255 (218) 479-0456,Bigender
312,Averill,Kindon,akindon8n@tumblr.com,+86 (335) 933-2826,Female
313,Ronna,McGauhy,rmcgauhy8o@scribd.com,+51 (980) 696-2057,Female
314,Perry,Caren,pcaren8p@surveymonkey.com,+33 (509) 681-7223,Male
315,Meier,Kear,mkear8q@buzzfeed.com,+7 (836) 390-6184,Polygender
316,Dimitri,Tight,dtight8r@facebook.com,+34 (489) 541-1423,Female
317,Elise,Ship,eship8s@mozilla.org,+994 (665) 155-0135,Agender
318,Candy,Blaasch,cblaasch8t@independent.co.uk,+1 (314) 518-9082,Bigender
319,Josie,Lawling,jlawling8u@cloudflare.com,+62 (554) 590-3462,Polygender
320,Lowell,Chantrell,lchantrell8v@clickbank.net,+52 (370) 718-5549,Non-binary
321,Launce,Lorking,llorking8w@51.la,+31 (790) 691-9179,Male
322,Judah,Tortoishell,jtortoishell8x@soup.io,+63 (326) 902-9880,Non-binary
323,Tildi,Woofinden,twoofinden8y@privacy.gov.au,+86 (262) 890-1132,Genderfluid
324,Wendye,Copeman,wcopeman8z@vkontakte.ru,+234 (876) 988-3757,Agender
325,Tierney,Mabey,tmabey90@un.org,+63 (600) 255-4923,Bigender
326,Carroll,Digby,cdigby91@ning.com,+353 (128) 439-1359,Non-binary
327,Shantee,Crielly,scrielly92@exblog.jp,+420 (127) 985-5569,Genderfluid
328,Elana,Waleworke,ewaleworke93@shutterfly.com,+358 (719) 222-2908,Genderqueer
329,Frankie,Di Roberto,fdiroberto94@deliciousdays.com,+93 (364) 626-1146,Genderfluid
330,Cacilia,Pearmine,cpearmine95@netscape.com,+63 (978) 885-8539,Female
331,Alfredo,Proudler,aproudler96@list-manage.com,+33 (136) 497-4213,Male
332,Cristi,Leaf,cleaf97@ed.gov,+62 (639) 324-8176,Bigender
333,Nellie,Handrick,nhandrick98@yellowpages.com,+86 (425) 263-3310,Genderqueer
334,Ingeberg,Giacomozzo,igiacomozzo99@cargocollective.com,+86 (498) 725-6023,Bigender
335,Matthias,Insole,minsole9a@jugem.jp,+1 (531) 513-3501,Agender
336,Ede,Travers,etravers9b@google.co.jp,+7 (502) 930-7609,Agender
337,Mischa,Gosselin,mgosselin9c@symantec.com,+62 (746) 992-3013,Genderfluid
338,Yasmin,Packer,ypacker9d@amazon.co.jp,+62 (222) 838-9585,Bigender
339,Sidonnie,Askaw,saskaw9e@php.net,+30 (560) 266-1937,Genderfluid
340,Sim,Mityushkin,smityushkin9f@mediafire.com,+359 (120) 921-9611,Agender
341,Wallis,Reany,wreany9g@cnet.com,+55 (942) 650-7612,Male
342,Felicdad,Pardoe,fpardoe9h@addtoany.com,+86 (286) 993-5778,Polygender
343,Sharity,Hinkins,shinkins9i@dropbox.com,+62 (826) 445-2333,Male
344,Skippie,Holley,sholley9j@mapquest.com,+51 (693) 582-9602,Agender
345,Bogey,Blofield,bblofield9k@google.fr,+7 (835) 411-2623,Male
346,Wells,McGow,wmcgow9l@weather.com,+48 (421) 342-2980,Non-binary
347,Bryn,Doddemeede,bdoddemeede9m@clickbank.net,+33 (785) 295-6829,Non-binary
348,Ermina,Sherrard,esherrard9n@mozilla.org,+95 (717) 698-8810,Polygender
349,Lawry,Eam,leam9o@hibu.com,+86 (712) 199-0809,Female
350,Maximo,Clipsham,mclipsham9p@g.co,+33 (748) 531-6079,Non-binary
351,Bonnibelle,Jiranek,bjiranek9q@upenn.edu,+212 (555) 901-0935,Bigender
352,Bel,Henric,bhenric9r@netscape.com,+7 (683) 459-9739,Bigender
353,Von,Selwyne,vselwyne9s@seesaa.net,+33 (581) 888-3668,Genderfluid
354,Jamie,Adamovicz,jadamovicz9t@themeforest.net,+81 (274) 270-8325,Non-binary
355,Nellie,Firle,nfirle9u@macromedia.com,+241 (957) 882-2951,Agender
356,Perri,Walstow,pwalstow9v@jugem.jp,+1 (414) 846-4235,Genderfluid
357,Townsend,Van de Vlies,tvandevlies9w@symantec.com,+49 (210) 785-9174,Genderfluid
358,Faustina,Curado,fcurado9x@redcross.org,+48 (328) 519-8275,Non-binary
359,Angil,Gallahar,agallahar9y@archive.org,+86 (178) 366-6124,Polygender
360,Willey,Morley,wmorley9z@qq.com,+62 (334) 903-0703,Polygender
361,Michaella,Kyles,mkylesa0@behance.net,+51 (291) 325-8543,Genderqueer
362,Ileane,Harrop,iharropa1@chron.com,+46 (130) 848-8918,Female
363,Iorgos,Ream,ireama2@jigsy.com,+33 (408) 134-6357,Agender
364,Enriqueta,Millmoe,emillmoea3@linkedin.com,+86 (785) 323-8085,Genderfluid
365,Dorry,Feare,dfearea4@state.gov,+86 (152) 410-0916,Bigender
366,Meryl,Le Fevre,mlefevrea5@nydailynews.com,+86 (918) 119-8902,Genderqueer
367,Preston,Shuttle,pshuttlea6@soup.io,+261 (678) 944-2196,Male
368,Beckie,Sibley,bsibleya7@rambler.ru,+62 (580) 649-6999,Polygender
369,Cassie,Ferrettino,cferrettinoa8@amazon.co.jp,+52 (443) 444-7191,Non-binary
370,Gerhard,Glascott,gglascotta9@arstechnica.com,+48 (431) 713-8638,Genderfluid
371,Karry,Patry,kpatryaa@usatoday.com,+48 (957) 504-3631,Female
372,Ricki,McGowan,rmcgowanab@yolasite.com,+55 (633) 514-9563,Genderfluid
373,Ainsley,Cabble,acabbleac@unesco.org,+86 (803) 659-2792,Non-binary
374,Kaine,Benazet,kbenazetad@indiatimes.com,+420 (743) 667-6082,Female
375,Lorine,Strangward,lstrangwardae@mapquest.com,+86 (525) 767-8769,Female
376,Paolo,Blunden,pblundenaf@fema.gov,+86 (322) 105-1056,Non-binary
377,Bernardine,Waterfall,bwaterfallag@who.int,+62 (939) 947-5704,Male
378,Regina,Woodcraft,rwoodcraftah@samsung.com,+62 (363) 382-2912,Female
379,Amerigo,Fine,afineai@arizona.edu,+86 (319) 304-7790,Female
380,Ritchie,Alps,ralpsaj@netlog.com,+55 (336) 335-5488,Genderqueer
381,Sharleen,Cheeney,scheeneyak@ning.com,+351 (636) 152-6569,Genderfluid
382,Billye,Snoding,bsnodingal@princeton.edu,+7 (369) 318-0962,Female
383,Ahmad,Hasney,ahasneyam@soup.io,+62 (424) 966-2945,Non-binary
384,Florry,Hynes,fhynesan@bbc.co.uk,+27 (507) 230-0558,Female
385,Porter,Greally,pgreallyao@seesaa.net,+994 (376) 826-7766,Polygender
386,Haily,Braunlein,hbraunleinap@tiny.cc,+62 (661) 136-7567,Non-binary
387,Paolo,Wybrow,pwybrowaq@bbb.org,+86 (193) 157-6970,Agender
388,Patricio,Batman,pbatmanar@lulu.com,+593 (645) 424-2806,Non-binary
389,Selby,Naughton,snaughtonas@usatoday.com,+57 (105) 280-2323,Polygender
390,Colas,Ferreri,cferreriat@pen.io,+86 (595) 742-1971,Agender
391,Gratiana,Brindley,gbrindleyau@nbcnews.com,+66 (199) 215-2804,Male
392,Andrew,Skase,askaseav@guardian.co.uk,+86 (356) 782-4039,Female
393,Niles,Watson,nwatsonaw@wisc.edu,+86 (560) 135-8683,Female
394,Arliene,Grugerr,agrugerrax@purevolume.com,+7 (976) 299-6301,Agender
395,Vivia,Whistlecroft,vwhistlecroftay@army.mil,+27 (651) 666-9788,Polygender
396,Aluino,Marshfield,amarshfieldaz@dailymotion.com,+62 (810) 749-8782,Female
397,Lyle,Brabender,lbrabenderb0@bbc.co.uk,+252 (334) 820-0618,Agender
398,Bobina,Corneil,bcorneilb1@tmall.com,+1 (338) 939-2115,Female
399,Baldwin,Milan,bmilanb2@geocities.com,+60 (476) 859-6646,Female
400,Ardis,Cathery,acatheryb3@ca.gov,+81 (329) 336-9133,Female
401,Gwendolyn,De Cruce,gdecruceb4@netscape.com,+60 (460) 530-9171,Polygender
402,Burk,Kamiyama,bkamiyamab5@wikipedia.org,+62 (881) 996-7219,Male
403,Meridith,Bapty,mbaptyb6@blogger.com,+66 (758) 817-0745,Female
404,Mahala,Barnicott,mbarnicottb7@cpanel.net,+33 (708) 862-8756,Non-binary
405,Phillida,Bretland,pbretlandb8@vk.com,+86 (836) 874-8069,Male
406,Brynn,Visick,bvisickb9@livejournal.com,+86 (449) 619-7143,Polygender
407,Arleen,Askie,aaskieba@yellowpages.com,+7 (653) 771-6419,Polygender
408,Florinda,Romans,fromansbb@cmu.edu,+48 (891) 825-9300,Agender
409,Eziechiele,Kidd,ekiddbc@bizjournals.com,+98 (948) 923-9142,Bigender
410,Wat,de Quesne,wdequesnebd@rediff.com,+62 (542) 929-3401,Non-binary
411,Lance,Demchen,ldemchenbe@npr.org,+63 (567) 280-5899,Polygender
412,Rheba,Hulkes,rhulkesbf@gmpg.org,+63 (719) 871-3556,Female
413,Aubrette,Bentham,abenthambg@xing.com,+86 (122) 837-4792,Male
414,Katusha,Moger,kmogerbh@spiegel.de,+46 (950) 897-3145,Bigender
415,Scotti,Bootyman,sbootymanbi@istockphoto.com,+7 (905) 353-8625,Polygender
416,Clio,Starie,cstariebj@whitehouse.gov,+7 (667) 442-4533,Genderfluid
417,Coleman,Innerstone,cinnerstonebk@bloglovin.com,+965 (681) 595-5852,Male
418,Peyton,Reekie,preekiebl@youku.com,+1 (512) 238-4093,Genderfluid
419,Gunilla,Gillies,ggilliesbm@nbcnews.com,+63 (971) 132-1145,Male
420,Lilly,Galilee,lgalileebn@dyndns.org,+30 (809) 506-8005,Agender
421,Debera,Eacle,deaclebo@rediff.com,+84 (192) 645-0567,Male
422,Annadiana,Levey,aleveybp@blog.com,+66 (583) 141-0425,Agender
423,Sosanna,McNeil,smcneilbq@e-recht24.de,+62 (257) 533-7114,Genderqueer
424,Dyanne,Sleney,dsleneybr@hhs.gov,+7 (997) 470-0444,Female
425,Seamus,Mathiassen,smathiassenbs@theatlantic.com,+245 (940) 196-8385,Genderqueer
426,Kristyn,Osipov,kosipovbt@alexa.com,+48 (483) 473-7968,Female
427,Dill,Lanbertoni,dlanbertonibu@photobucket.com,+63 (776) 682-9672,Agender
428,Veronique,Horstead,vhorsteadbv@nba.com,+251 (893) 833-7160,Genderqueer
429,Ali,Danelutti,adaneluttibw@jalbum.net,+57 (346) 803-6437,Female
430,Lizabeth,Fowell,lfowellbx@sina.com.cn,+216 (851) 236-2893,Genderfluid
431,Valerye,Mackstead,vmacksteadby@smugmug.com,+351 (303) 477-6269,Non-binary
432,Nicola,Blackhurst,nblackhurstbz@digg.com,+58 (887) 673-1572,Female
433,Bren,Calvert,bcalvertc0@cdc.gov,+62 (878) 565-5009,Agender
434,Conchita,Berridge,cberridgec1@wikispaces.com,+63 (142) 658-4649,Polygender
435,Lowe,Diperaus,ldiperausc2@sourceforge.net,+380 (548) 789-1198,Genderfluid
436,Ram,Dudney,rdudneyc3@businesswire.com,+234 (333) 677-4810,Genderqueer
437,Susanetta,Rouby,sroubyc4@gov.uk,+46 (672) 233-1664,Male
438,Christiano,Henrys,chenrysc5@slideshare.net,+420 (178) 393-6053,Genderfluid
439,Oriana,Russe,orussec6@is.gd,+86 (223) 906-7414,Genderqueer
440,Katrinka,Madgwich,kmadgwichc7@godaddy.com,+55 (356) 938-1582,Genderfluid
441,Nanci,Deener,ndeenerc8@nymag.com,+66 (865) 818-0690,Male
442,Gunter,Fulger,gfulgerc9@addthis.com,+1 (313) 519-3361,Bigender
443,Franciska,Donovin,fdonovinca@imgur.com,+251 (566) 231-3013,Female
444,Serge,Berston,sberstoncb@apache.org,+7 (296) 374-0148,Polygender
445,Fairfax,Dudmesh,fdudmeshcc@networksolutions.com,+236 (856) 288-4803,Genderfluid
446,Pancho,Cirlos,pcirloscd@ucla.edu,+54 (306) 102-3045,Genderqueer
447,Shay,Huikerby,shuikerbyce@soup.io,+7 (152) 577-1621,Polygender
448,Edee,Wybrew,ewybrewcf@webnode.com,+86 (842) 797-8850,Polygender
449,Anet,Kittredge,akittredgecg@t-online.de,+62 (158) 394-3915,Male
450,Yul,Muglestone,ymuglestonech@cnbc.com,+57 (275) 683-0206,Agender
451,Abie,Orro,aorroci@macromedia.com,+62 (495) 724-5868,Agender
452,Frederique,Dougharty,fdoughartycj@blogs.com,+81 (136) 383-6740,Polygender
453,Elbertine,Rubinovici,erubinovicick@dion.ne.jp,+48 (694) 716-6650,Female
454,Aubrette,Headan,aheadancl@yahoo.co.jp,+55 (692) 347-1886,Polygender
455,Banky,Barkes,bbarkescm@blog.com,+420 (462) 590-3415,Genderfluid
456,Tomkin,Arstall,tarstallcn@blogger.com,+1 (512) 618-4475,Non-binary
457,Berte,Heaney`,bheaneyco@slideshare.net,+7 (198) 267-3569,Non-binary
458,Liva,Storah,lstorahcp@behance.net,+33 (825) 814-0893,Female
459,Welsh,Doorey,wdooreycq@wunderground.com,+994 (813) 522-1122,Polygender
460,Nelson,Casari,ncasaricr@craigslist.org,+86 (957) 896-0976,Non-binary
461,Rhona,Ingerman,ringermancs@xing.com,+1 (435) 928-2386,Male
462,Meghan,Cheng,mchengct@economist.com,+375 (822) 917-1234,Female
463,Derek,Ccomini,dccominicu@macromedia.com,+86 (831) 357-2509,Female
464,Andros,Coltherd,acoltherdcv@mediafire.com,+351 (655) 899-4076,Non-binary
465,Turner,Vergo,tvergocw@nydailynews.com,+84 (442) 629-4187,Agender
466,Denni,Astridge,dastridgecx@google.pl,+62 (410) 482-8955,Bigender
467,Felita,Cecely,fcecelycy@de.vu,+62 (461) 326-9136,Agender
468,Rolf,Oxenham,roxenhamcz@amazon.de,+55 (375) 588-5540,Male
469,Dulcine,Downton,ddowntond0@who.int,+52 (305) 340-0804,Genderfluid
470,Shaun,Josskowitz,sjosskowitzd1@csmonitor.com,+57 (429) 655-2400,Genderqueer
471,Anselm,Sale,asaled2@imageshack.us,+7 (929) 775-8822,Male
472,Gabriell,Scrauniage,gscrauniaged3@usda.gov,+86 (981) 742-1205,Female
473,Heindrick,O'Kennavain,hokennavaind4@bandcamp.com,+351 (513) 248-3281,Genderfluid
474,Sloane,Loughney,sloughneyd5@flickr.com,+62 (932) 414-9218,Female
475,Con,Bescoby,cbescobyd6@nsw.gov.au,+7 (882) 347-7466,Genderqueer
476,Catina,Dubery,cduberyd7@xinhuanet.com,+86 (756) 459-7005,Genderfluid
477,Jethro,Varne,jvarned8@php.net,+1 (815) 739-7512,Bigender
478,Hetty,Beadel,hbeadeld9@rambler.ru,+86 (661) 812-6867,Bigender
479,Melisandra,Robe,mrobeda@dion.ne.jp,+86 (340) 453-7824,Genderfluid
480,Morten,Harrema,mharremadb@biglobe.ne.jp,+86 (940) 478-4992,Polygender
481,Cathleen,Widdison,cwiddisondc@archive.org,+46 (212) 316-6091,Non-binary
482,Jessie,MacLoughlin,jmacloughlindd@goo.ne.jp,+62 (374) 477-4351,Genderfluid
483,Martin,Radford,mradfordde@washington.edu,+84 (921) 571-5901,Female
484,Far,Odney,fodneydf@cbc.ca,+62 (312) 416-2948,Agender
485,Martha,Geldert,mgeldertdg@chicagotribune.com,+86 (137) 695-0994,Non-binary
486,Trevar,Luggar,tluggardh@posterous.com,+62 (747) 134-5774,Bigender
487,Alley,Sallings,asallingsdi@ucoz.ru,+48 (441) 457-2361,Genderqueer
488,Latrena,Crassweller,lcrasswellerdj@illinois.edu,+254 (258) 810-1845,Genderfluid
489,Hagen,Pareman,hparemandk@auda.org.au,+86 (487) 713-9097,Polygender
490,Leta,Norbury,lnorburydl@princeton.edu,+48 (880) 305-0281,Polygender
491,Deina,Malamore,dmalamoredm@instagram.com,+599 (212) 282-6426,Male
492,Gray,Rannells,grannellsdn@amazon.de,+227 (918) 991-6904,Bigender
493,Dorothee,Gulberg,dgulbergdo@umn.edu,+7 (755) 178-2466,Agender
494,Brendin,Batter,bbatterdp@123-reg.co.uk,+351 (543) 226-0182,Non-binary
495,Benetta,Fish,bfishdq@webnode.com,+7 (486) 478-4118,Genderfluid
496,Adham,Wiggin,awiggindr@google.es,+86 (693) 229-3593,Polygender
497,Pietra,Reyna,preynads@ovh.net,+960 (213) 336-0970,Agender
498,Sibyl,Delf,sdelfdt@slate.com,+964 (275) 269-4784,Agender
499,Annora,Partington,apartingtondu@google.pl,+48 (749) 410-6347,Bigender
500,Joane,Motten,jmottendv@dell.com,+7 (465) 836-0804,Genderqueer
501,Antonetta,Wiggett,awiggettdw@gravatar.com,+63 (581) 344-4006,Bigender
502,Tommie,Odde,toddedx@businesswire.com,+62 (538) 761-6896,Male
503,Chelsy,Hardacre,chardacredy@posterous.com,+968 (812) 908-2644,Non-binary
504,Conrado,O'Shavlan,coshavlandz@github.io,+62 (672) 195-6586,Polygender
505,Ferrell,Mullineux,fmullineuxe0@oakley.com,+62 (235) 962-9517,Non-binary
506,Alphonse,Clubb,aclubbe1@wikimedia.org,+31 (996) 396-2608,Genderqueer
507,Sibeal,Banbrook,sbanbrooke2@home.pl,+233 (895) 364-9700,Non-binary
508,Riccardo,Barkworth,rbarkworthe3@amazon.de,+7 (638) 673-8546,Genderfluid
509,Sybyl,Huggan,shuggane4@rakuten.co.jp,+55 (926) 743-4561,Genderqueer
510,Denna,Holbie,dholbiee5@cmu.edu,+46 (320) 899-9557,Non-binary
511,Maje,Jahnel,mjahnele6@altervista.org,+7 (990) 712-5894,Non-binary
512,Allyn,Bartholomieu,abartholomieue7@nifty.com,+265 (299) 475-8516,Genderqueer
513,Aldin,Cinelli,acinellie8@gravatar.com,+970 (544) 520-6299,Polygender
514,Weider,Airton,wairtone9@ftc.gov,+960 (387) 176-4938,Female
515,Darcy,Flowers,dflowersea@chicagotribune.com,+7 (344) 271-8455,Polygender
516,Giulietta,Simonsen,gsimonseneb@marriott.com,+7 (723) 714-8058,Bigender
517,Kinsley,Weafer,kweaferec@163.com,+423 (641) 977-0589,Male
518,Lucina,Richards,lrichardsed@guardian.co.uk,+86 (189) 230-4551,Agender
519,Kristoforo,McIlwrick,kmcilwrickee@businessinsider.com,+57 (610) 921-5062,Bigender
520,Maurice,Reinhardt,mreinhardtef@pcworld.com,+62 (871) 535-2303,Genderqueer
521,Lanita,Joyce,ljoyceeg@vinaora.com,+7 (974) 655-5236,Genderfluid
522,Sergio,Yell,syelleh@yellowbook.com,+86 (430) 600-7775,Bigender
523,Rebbecca,Wylam,rwylamei@businessweek.com,+351 (167) 439-9939,Genderqueer
524,Emmy,Cutajar,ecutajarej@mozilla.com,+420 (335) 442-0077,Polygender
525,Van,Swan,vswanek@cargocollective.com,+502 (275) 369-8627,Agender
526,Baldwin,Stoate,bstoateel@mit.edu,+86 (188) 398-3023,Female
527,Kay,Rossant,krossantem@woothemes.com,+93 (107) 233-8659,Genderfluid
528,Lorilee,Sayward,lsaywarden@hhs.gov,+33 (551) 713-8686,Bigender
529,Jacky,Bernardes,jbernardeseo@hp.com,+31 (130) 428-8573,Bigender
530,Tate,Drohun,tdrohunep@nymag.com,+370 (130) 350-5076,Bigender
531,Carolyne,Dabbes,cdabbeseq@i2i.jp,+380 (396) 356-9268,Female
532,Ede,Telfer,etelferer@i2i.jp,+86 (811) 998-5872,Non-binary
533,Edi,Titmuss,etitmusses@uol.com.br,+51 (971) 676-0297,Male
534,Dorisa,Mixhel,dmixhelet@github.com,+63 (698) 621-5471,Non-binary
535,Beau,McIlmorow,bmcilmoroweu@sun.com,+62 (169) 429-7731,Polygender
536,Siward,McGlaud,smcglaudev@yale.edu,+63 (843) 813-6971,Polygender
537,Benji,Grierson,bgriersonew@cpanel.net,+48 (615) 237-9774,Genderqueer
538,Sybille,Blight,sblightex@gnu.org,+92 (641) 842-9659,Female
539,Tomi,Smallridge,tsmallridgeey@canalblog.com,+380 (732) 983-8955,Non-binary
540,Ddene,Roundtree,droundtreeez@istockphoto.com,+371 (864) 729-9255,Female
541,Myrlene,Rotchell,mrotchellf0@omniture.com,+359 (362) 377-2171,Bigender
542,Nisse,Pawelec,npawelecf1@jigsy.com,+509 (875) 599-9936,Agender
543,Nikos,Olkowicz,nolkowiczf2@unc.edu,+52 (654) 503-7052,Genderqueer
544,Thorn,Manoch,tmanochf3@ebay.co.uk,+86 (268) 851-4135,Female
545,Bella,Figiovanni,bfigiovannif4@mit.edu,+62 (847) 775-5247,Genderqueer
546,Thomasina,Ferruzzi,tferruzzif5@google.co.jp,+62 (408) 332-0701,Genderqueer
547,Kellen,Kasperski,kkasperskif6@themeforest.net,+62 (201) 379-2188,Agender
548,Skippie,Smyley,ssmyleyf7@yelp.com,+976 (378) 726-0436,Bigender
549,Harmon,Selkirk,hselkirkf8@joomla.org,+86 (874) 303-6744,Genderqueer
550,Roby,Metzig,rmetzigf9@elegantthemes.com,+387 (864) 519-3204,Non-binary
551,Claudine,Denacamp,cdenacampfa@zimbio.com,+55 (961) 670-8713,Agender
552,Kendricks,Braine,kbrainefb@blogs.com,+51 (725) 267-3192,Bigender
553,Akim,Havers,ahaversfc@opera.com,+998 (585) 764-6405,Genderfluid
554,Odelinda,Bessent,obessentfd@creativecommons.org,+46 (177) 473-8144,Bigender
555,Margalit,Dallimore,mdallimorefe@reference.com,+52 (402) 738-8540,Non-binary
556,Letisha,Bennett,lbennettff@hexun.com,+62 (566) 470-1544,Female
557,Maire,Redding,mreddingfg@nhs.uk,+86 (614) 394-3243,Non-binary
558,Lamond,Buye,lbuyefh@samsung.com,+234 (383) 214-3972,Non-binary
559,Xena,Challiner,xchallinerfi@networksolutions.com,+93 (449) 938-4720,Bigender
560,Karry,Royal,kroyalfj@slashdot.org,+62 (510) 256-9704,Genderqueer
561,Nicky,Fermer,nfermerfk@dion.ne.jp,+47 (233) 866-1228,Bigender
562,Burke,Treske,btreskefl@tiny.cc,+81 (939) 269-7822,Genderqueer
563,Aloysia,Jolliss,ajollissfm@wikispaces.com,+212 (900) 686-1187,Agender
564,Yoshi,Picton,ypictonfn@redcross.org,+46 (475) 593-7976,Genderqueer
565,Jon,McLemon,jmclemonfo@slideshare.net,+420 (505) 291-7452,Male
566,Federica,Matysik,fmatysikfp@dagondesign.com,+355 (847) 727-5059,Genderqueer
567,Bale,Hindsberg,bhindsbergfq@hhs.gov,+351 (883) 868-3896,Genderqueer
568,Vina,Long,vlongfr@hexun.com,+966 (444) 999-1219,Agender
569,Jan,Giacomuzzi,jgiacomuzzifs@patch.com,+351 (396) 707-7497,Female
570,Klemens,Lamdin,klamdinft@washingtonpost.com,+62 (847) 393-1972,Polygender
571,Benjamen,Traice,btraicefu@myspace.com,+54 (252) 941-8689,Bigender
572,Sebastiano,Grange,sgrangefv@quantcast.com,+51 (519) 360-9869,Non-binary
573,Flossy,Dibling,fdiblingfw@illinois.edu,+48 (467) 717-8664,Genderfluid
574,Talbot,Gosford,tgosfordfx@tripod.com,+267 (979) 562-9236,Non-binary
575,Kacy,Shrive,kshrivefy@hugedomains.com,+86 (833) 804-6238,Bigender
576,Cherie,Stracey,cstraceyfz@si.edu,+51 (676) 349-0136,Male
577,Mela,Sigert,msigertg0@unesco.org,+48 (702) 827-8109,Female
578,Douglas,Commins,dcomminsg1@comsenz.com,+7 (702) 632-2950,Agender
579,Novelia,Shorten,nshorteng2@intel.com,+33 (394) 782-2014,Genderqueer
580,Juanita,Domokos,jdomokosg3@stanford.edu,+52 (914) 368-4421,Genderqueer
581,Gregg,Connechie,gconnechieg4@posterous.com,+27 (176) 273-1107,Male
582,Westley,Caffrey,wcaffreyg5@feedburner.com,+55 (929) 985-1691,Non-binary
583,Petey,Fusedale,pfusedaleg6@cpanel.net,+62 (273) 957-7625,Agender
584,Patsy,Danahar,pdanaharg7@rakuten.co.jp,+63 (647) 890-3018,Genderfluid
585,Bren,Blackley,bblackleyg8@blogger.com,+86 (759) 731-0644,Non-binary
586,Yvette,Fawke,yfawkeg9@wordpress.org,+880 (521) 476-0558,Agender
587,Zelig,Matuszkiewicz,zmatuszkiewiczga@123-reg.co.uk,+94 (545) 652-9005,Polygender
588,Clerissa,Methley,cmethleygb@last.fm,+62 (331) 830-2216,Genderfluid
589,Roman,Siccombe,rsiccombegc@columbia.edu,+49 (719) 541-1054,Polygender
590,Sigmund,Comi,scomigd@eventbrite.com,+998 (782) 641-1715,Bigender
591,Miltie,Bearne,mbearnege@squidoo.com,+92 (261) 182-1927,Genderfluid
592,Cristin,Dann,cdanngf@purevolume.com,+63 (426) 530-8385,Non-binary
593,Levey,Kernoghan,lkernoghangg@mapy.cz,+62 (728) 856-2351,Genderqueer
594,Lauree,Reiach,lreiachgh@blogs.com,+57 (894) 772-7768,Male
595,Chiarra,Attle,cattlegi@ibm.com,+55 (114) 745-3212,Genderqueer
596,Shoshana,Brookwood,sbrookwoodgj@weebly.com,+86 (361) 528-0696,Genderqueer
597,Olly,Warstall,owarstallgk@un.org,+86 (299) 588-4872,Bigender
598,Francine,Bradane,fbradanegl@jugem.jp,+86 (761) 559-0588,Male
599,Konrad,Zammitt,kzammittgm@mozilla.org,+7 (898) 865-2729,Agender
600,Sophie,Stretton,sstrettongn@stumbleupon.com,+86 (569) 814-1576,Genderfluid
601,Alyss,Deverille,adeverillego@google.ru,+86 (781) 900-5000,Genderfluid
602,Raquela,Sothern,rsotherngp@i2i.jp,+48 (400) 870-6118,Male
603,Deny,Sturdy,dsturdygq@live.com,+880 (854) 489-1853,Non-binary
604,Shanon,Stillman,sstillmangr@usatoday.com,+7 (214) 110-2172,Agender
605,Alexandro,Shippey,ashippeygs@exblog.jp,+62 (335) 685-4568,Polygender
606,Mar,MacAndrew,mmacandrewgt@ihg.com,+62 (464) 268-6349,Female
607,Aprilette,Spincks,aspincksgu@ca.gov,+62 (131) 505-1408,Polygender
608,Wade,McGrayle,wmcgraylegv@ebay.com,+1 (318) 429-6751,Genderqueer
609,De,Tatterton,dtattertongw@diigo.com,+66 (811) 203-4607,Genderfluid
610,Isidoro,Reading,ireadinggx@indiegogo.com,+66 (171) 757-0719,Polygender
611,Georgetta,Bockh,gbockhgy@geocities.jp,+86 (510) 483-8861,Polygender
612,Marc,Laudham,mlaudhamgz@slideshare.net,+46 (361) 976-6780,Genderfluid
613,Amil,Stonestreet,astonestreeth0@unblog.fr,+1 (191) 761-7980,Male
614,Berny,Eva,bevah1@skyrock.com,+420 (323) 827-6337,Genderqueer
615,Kathy,Yurin,kyurinh2@buzzfeed.com,+256 (439) 550-6088,Male
616,Greta,Leeke,gleekeh3@youtube.com,+54 (520) 348-1802,Bigender
617,Chelsey,Semechik,csemechikh4@ask.com,+1 (806) 728-8992,Genderqueer
618,Vincenz,Gai,vgaih5@cyberchimps.com,+86 (163) 699-5001,Polygender
619,Haskell,Christopherson,hchristophersonh6@goo.ne.jp,+420 (466) 602-3061,Female
620,Eustacia,Woolaghan,ewoolaghanh7@google.es,+504 (937) 969-0344,Female
621,Sapphira,Messenbird,smessenbirdh8@accuweather.com,+256 (260) 360-2428,Genderfluid
622,Danica,Bravington,dbravingtonh9@deliciousdays.com,+54 (592) 584-7482,Agender
623,Sollie,Raiston,sraistonha@elpais.com,+1 (104) 519-7193,Agender
624,Ofilia,Bruyett,obruyetthb@paginegialle.it,+63 (803) 242-1305,Genderfluid
625,Carlee,Caesar,ccaesarhc@shareasale.com,+62 (651) 904-1235,Bigender
626,Shirleen,Craigmyle,scraigmylehd@cloudflare.com,+86 (643) 116-1599,Genderqueer
627,Rosana,Jarlmann,rjarlmannhe@sciencedirect.com,+86 (144) 925-0785,Polygender
628,Ezechiel,Gauvin,egauvinhf@china.com.cn,+351 (498) 848-0249,Bigender
629,Etienne,Genders,egendershg@cargocollective.com,+60 (900) 979-6460,Polygender
630,Evonne,Sinkings,esinkingshh@jugem.jp,+880 (580) 764-7871,Agender
631,Benedicta,Loudon,bloudonhi@uiuc.edu,+260 (846) 954-5762,Male
632,Deedee,Beri,dberihj@blogger.com,+7 (323) 264-5001,Female
633,Wilt,Melendez,wmelendezhk@google.co.jp,+55 (294) 753-3062,Genderfluid
634,Karlis,Beebis,kbeebishl@miibeian.gov.cn,+381 (917) 603-2256,Male
635,Gardy,Jukes,gjukeshm@multiply.com,+351 (126) 971-5532,Agender
636,Carson,Riccio,cricciohn@wiley.com,+385 (714) 296-1231,Genderqueer
637,Gretna,Matchett,gmatchettho@list-manage.com,+51 (648) 712-6858,Polygender
638,Galen,Mc Curlye,gmccurlyehp@feedburner.com,+48 (867) 402-5034,Genderfluid
639,Theobald,Dalziell,tdalziellhq@cnet.com,+420 (690) 737-5360,Genderfluid
640,Bernie,Ryton,brytonhr@spiegel.de,+86 (786) 828-4538,Female
641,Bryon,Glashby,bglashbyhs@ucoz.ru,+356 (855) 617-8076,Bigender
642,Marie,Pitbladdo,mpitbladdoht@amazon.com,+86 (893) 369-3617,Agender
643,Alick,Vlasov,avlasovhu@mail.ru,+55 (727) 125-7929,Genderqueer
644,Sapphire,Ogger,soggerhv@gnu.org,+66 (484) 807-6072,Agender
645,Ibrahim,Napolione,inapolionehw@google.it,+86 (578) 350-7500,Genderqueer
646,Jehu,Garmans,jgarmanshx@cbslocal.com,+227 (832) 422-3074,Non-binary
647,Anastasia,Gerardeaux,agerardeauxhy@t.co,+62 (721) 957-7565,Agender
648,Rosamund,Camilletti,rcamillettihz@tinyurl.com,+598 (547) 479-7252,Genderfluid
649,Caldwell,Espley,cespleyi0@bloglines.com,+502 (194) 833-5681,Agender
650,Lorant,Gallant,lgallanti1@tamu.edu,+48 (255) 319-9412,Polygender
651,Arv,Makinson,amakinsoni2@wp.com,+62 (915) 520-7464,Bigender
652,Elisa,Werndly,ewerndlyi3@topsy.com,+7 (109) 683-8984,Female
653,Junia,Rapley,jrapleyi4@google.com.hk,+7 (442) 968-6530,Genderfluid
654,Oona,Whitsun,owhitsuni5@globo.com,+86 (988) 113-3845,Bigender
655,Farrell,Tacker,ftackeri6@hhs.gov,+64 (772) 312-1333,Genderfluid
656,Saraann,Roles,srolesi7@t-online.de,+62 (866) 224-3429,Male
657,Chlo,Mattia,cmattiai8@1688.com,+86 (310) 601-5693,Non-binary
658,Rafferty,Killwick,rkillwicki9@pcworld.com,+46 (658) 104-7640,Genderfluid
659,Brietta,Greenroa,bgreenroaia@illinois.edu,+81 (956) 782-8425,Genderfluid
660,Moises,Gleder,mglederib@illinois.edu,+81 (883) 105-0205,Male
661,Dru,Gebbe,dgebbeic@economist.com,+33 (857) 163-4965,Male
662,Raquel,McComiskey,rmccomiskeyid@sohu.com,+1 (460) 846-6598,Bigender
663,Edi,Gebbe,egebbeie@feedburner.com,+389 (178) 805-9314,Non-binary
664,Eleanore,Terrans,eterransif@myspace.com,+7 (157) 605-7354,Bigender
665,Yankee,Dobey,ydobeyig@deliciousdays.com,+356 (226) 637-7934,Non-binary
666,Fletch,Praundlin,fpraundlinih@youtube.com,+86 (174) 384-5409,Non-binary
667,Meridith,Howsan,mhowsanii@etsy.com,+86 (502) 769-0614,Bigender
668,Koral,MacFaell,kmacfaellij@fda.gov,+57 (764) 499-8430,Bigender
669,Mariejeanne,Godain,mgodainik@ezinearticles.com,+420 (702) 230-6821,Bigender
670,Lucias,Raeburn,lraeburnil@mac.com,+86 (662) 927-2395,Male
671,Mickie,Frizell,mfrizellim@imdb.com,+86 (868) 923-1829,Genderqueer
672,Grayce,Cohalan,gcohalanin@example.com,+62 (649) 314-2607,Agender
673,Keen,Merit,kmeritio@fema.gov,+62 (873) 613-9691,Genderfluid
674,Coleen,Trollope,ctrollopeip@cdbaby.com,+351 (649) 175-1484,Non-binary
675,Ebenezer,Hallaways,ehallawaysiq@princeton.edu,+351 (734) 493-1736,Non-binary
676,Pepito,Tieraney,ptieraneyir@stanford.edu,+63 (301) 982-5485,Genderqueer
677,Dulsea,Lednor,dlednoris@hhs.gov,+976 (375) 944-3294,Bigender
678,Linc,Stilgo,lstilgoit@spiegel.de,+62 (116) 485-0981,Bigender
679,Barry,Hayle,bhayleiu@creativecommons.org,+381 (206) 433-2522,Genderqueer
680,Aylmar,Connikie,aconnikieiv@php.net,+86 (544) 487-7087,Bigender
681,Salmon,Jiras,sjirasiw@xing.com,+82 (555) 991-2301,Genderqueer
682,Silvia,Rastrick,srastrickix@noaa.gov,+62 (990) 523-3765,Bigender
683,Gawain,McGrory,gmcgroryiy@engadget.com,+7 (885) 744-7688,Bigender
684,Mirna,Zettler,mzettleriz@hc360.com,+55 (385) 392-7826,Genderfluid
685,Donalt,Slack,dslackj0@disqus.com,+226 (616) 185-1543,Bigender
686,Marthena,Estcot,mestcotj1@networksolutions.com,+48 (450) 999-8993,Genderqueer
687,Constantina,Fitzsymon,cfitzsymonj2@miitbeian.gov.cn,+48 (574) 220-6438,Genderqueer
688,Roarke,Struan,rstruanj3@digg.com,+7 (243) 416-9167,Male
689,Sheff,Dowtry,sdowtryj4@rakuten.co.jp,+20 (425) 823-7628,Female
690,Tiffani,Le Marquand,tlemarquandj5@surveymonkey.com,+380 (318) 789-9520,Genderfluid
691,Teddy,Wollacott,twollacottj6@comsenz.com,+86 (232) 147-4051,Non-binary
692,Cullie,Cicci,cciccij7@ox.ac.uk,+33 (608) 314-2756,Genderqueer
693,Shelby,Sapsed,ssapsedj8@soup.io,+63 (806) 715-5485,Male
694,Rubin,Ellesworth,rellesworthj9@marketwatch.com,+86 (196) 460-3499,Bigender
695,Pooh,Mandrier,pmandrierja@google.com.au,+7 (174) 288-3222,Male
696,Earvin,Brade,ebradejb@addthis.com,+63 (368) 330-1265,Genderfluid
697,Ashby,Pullinger,apullingerjc@theguardian.com,+66 (820) 832-9110,Genderfluid
698,Darius,Paley,dpaleyjd@shinystat.com,+62 (927) 643-6842,Agender
699,Marylee,Alejandri,malejandrije@mozilla.org,+81 (124) 369-4469,Male
700,Karry,McGiffie,kmcgiffiejf@newsvine.com,+63 (618) 238-4035,Female
701,Cully,Petrussi,cpetrussijg@sun.com,+48 (413) 302-0728,Male
702,Kahlil,Sterndale,ksterndalejh@wikimedia.org,+355 (474) 681-9486,Bigender
703,Miltie,Noorwood,mnoorwoodji@vk.com,+46 (652) 694-3828,Male
704,Gwendolen,Saffill,gsaffilljj@marketwatch.com,+62 (395) 949-7861,Genderqueer
705,Jed,Henner,jhennerjk@telegraph.co.uk,+51 (522) 573-6791,Genderfluid
706,Gasper,Edwick,gedwickjl@tumblr.com,+86 (616) 886-1333,Polygender
707,Ginny,Harring,gharringjm@skyrock.com,+57 (194) 540-9645,Non-binary
708,Sherm,Townend,stownendjn@intel.com,+381 (879) 661-3644,Agender
709,Bambie,Seddon,bseddonjo@dmoz.org,+372 (620) 502-9608,Genderqueer
710,Killie,Spatig,kspatigjp@epa.gov,+63 (797) 507-6414,Bigender
711,Nigel,Reily,nreilyjq@berkeley.edu,+63 (128) 412-7783,Polygender
712,Berry,Withinshaw,bwithinshawjr@weibo.com,+55 (913) 903-6067,Bigender
713,Keefe,Esel,keseljs@lulu.com,+63 (533) 566-2910,Bigender
714,Gaultiero,Houlton,ghoultonjt@techcrunch.com,+31 (427) 574-6353,Genderfluid
715,Tore,Rutherforth,trutherforthju@ehow.com,+44 (861) 578-3623,Polygender
716,Anatol,Paolini,apaolinijv@mac.com,+60 (867) 964-0928,Agender
717,Herman,Gribbins,hgribbinsjw@geocities.com,+970 (614) 594-2614,Genderqueer
718,Consuelo,Ghione,cghionejx@umn.edu,+86 (544) 112-7505,Polygender
719,Rori,Bromont,rbromontjy@so-net.ne.jp,+358 (701) 246-3747,Male
720,Abie,Buessen,abuessenjz@google.nl,+48 (127) 447-6897,Genderqueer
721,Gregory,Woollacott,gwoollacottk0@cyberchimps.com,+239 (274) 434-2354,Female
722,Kalinda,Marfe,kmarfek1@joomla.org,+7 (729) 743-8705,Non-binary
723,Forest,Niles,fnilesk2@t-online.de,+420 (801) 738-9991,Male
724,Donna,Brunicke,dbrunickek3@deviantart.com,+670 (129) 361-9965,Female
725,Chickie,Fronks,cfronksk4@netscape.com,+63 (302) 563-4024,Male
726,Trent,Bartles,tbartlesk5@ox.ac.uk,+62 (427) 437-2020,Female
727,Emelda,Gerriet,egerrietk6@nps.gov,+355 (816) 446-4445,Genderqueer
728,Roda,Grigor,rgrigork7@bing.com,+1 (757) 608-3364,Male
729,Jacquette,Dubock,jdubockk8@patch.com,+7 (657) 570-4296,Bigender
730,Latisha,Kolinsky,lkolinskyk9@hibu.com,+505 (537) 176-5440,Bigender
731,Cece,Conrath,cconrathka@usgs.gov,+86 (599) 820-7833,Polygender
732,De,Crank,dcrankkb@fastcompany.com,+86 (685) 620-3706,Female
733,Melita,Rix,mrixkc@google.es,+81 (452) 876-3107,Bigender
734,Loria,Clarke,lclarkekd@usa.gov,+7 (761) 230-0975,Male
735,Jervis,Barenski,jbarenskike@cafepress.com,+86 (517) 161-8439,Polygender
736,Alanson,Loseke,alosekekf@ocn.ne.jp,+62 (870) 328-5473,Genderqueer
737,Jereme,Bewshea,jbewsheakg@bloomberg.com,+86 (146) 790-6499,Agender
738,Gan,Rubinsohn,grubinsohnkh@washington.edu,+55 (142) 887-2730,Polygender
739,Adam,Tollerfield,atollerfieldki@cdc.gov,+86 (628) 119-5667,Agender
740,Faber,Snazel,fsnazelkj@oaic.gov.au,+504 (653) 563-2709,Agender
741,Bearnard,Heinsen,bheinsenkk@bizjournals.com,+86 (562) 235-1295,Bigender
742,Antoni,Fluck,afluckkl@businesswire.com,+1 (585) 682-2277,Non-binary
743,Deloris,Dolbey,ddolbeykm@yolasite.com,+63 (355) 539-4805,Bigender
744,Durand,Grestye,dgrestyekn@weather.com,+46 (610) 594-5979,Bigender
745,Eberto,Lenahan,elenahanko@bloglovin.com,+358 (473) 694-9383,Agender
746,Grissel,Dubs,gdubskp@plala.or.jp,+62 (825) 890-1121,Male
747,Sib,Pechard,spechardkq@ehow.com,+86 (340) 877-3008,Male
748,Cathryn,Farnworth,cfarnworthkr@phoca.cz,+86 (799) 627-2545,Bigender
749,Raphaela,Dranfield,rdranfieldks@google.ru,+62 (311) 111-4217,Male
750,Mareah,Bliven,mblivenkt@mlb.com,+86 (497) 990-1247,Non-binary
751,Robby,Spaduzza,rspaduzzaku@cbc.ca,+7 (107) 938-3603,Genderqueer
752,Corbet,Imlock,cimlockkv@google.com.br,+46 (927) 346-2749,Genderfluid
753,Rayshell,Pock,rpockkw@netscape.com,+54 (546) 673-6565,Polygender
754,Patin,Bricket,pbricketkx@bluehost.com,+62 (720) 999-1171,Genderfluid
755,Franny,Fishley,ffishleyky@goodreads.com,+30 (374) 781-6119,Male
756,Sib,Simonite,ssimonitekz@toplist.cz,+351 (292) 197-7363,Male
757,Selina,Preddle,spreddlel0@ucoz.ru,+380 (746) 747-1995,Genderfluid
758,Jillana,Stanlick,jstanlickl1@amazon.co.jp,+242 (429) 416-6821,Female
759,Ettie,Straffon,estraffonl2@yolasite.com,+63 (672) 779-3985,Genderfluid
760,Bevan,Hooban,bhoobanl3@gravatar.com,+385 (123) 476-7526,Genderqueer
761,Dwayne,Soreau,dsoreaul4@bravesites.com,+1 (203) 840-4424,Non-binary
762,Francisca,Casbourne,fcasbournel5@businessinsider.com,+98 (156) 550-4317,Female
763,Isa,Hubner,ihubnerl6@cargocollective.com,+86 (454) 540-7981,Non-binary
764,Ned,Rudgley,nrudgleyl7@rakuten.co.jp,+1 (513) 703-9813,Polygender
765,Grayce,Koch,gkochl8@4shared.com,+52 (717) 138-8230,Male
766,Mable,Ruspine,mruspinel9@e-recht24.de,+86 (240) 940-0931,Female
767,Dov,Mariet,dmarietla@cyberchimps.com,+7 (770) 975-7465,Non-binary
768,Robbie,Brookes,rbrookeslb@goodreads.com,+351 (844) 653-5149,Bigender
769,Gayla,Lenney,glenneylc@netvibes.com,+420 (814) 931-3223,Polygender
770,Randee,Millward,rmillwardld@studiopress.com,+63 (914) 237-7972,Agender
771,Edeline,Oliveira,eoliveirale@g.co,+86 (935) 723-2832,Polygender
772,Torin,Mathissen,tmathissenlf@sitemeter.com,+57 (412) 412-5763,Genderfluid
773,Walliw,Davidai,wdavidailg@wisc.edu,+86 (155) 437-3350,Non-binary
774,Errol,Fishpool,efishpoollh@hao123.com,+62 (588) 338-0950,Bigender
775,Pattie,Hargrove,phargroveli@drupal.org,+81 (433) 740-8762,Female
776,Jacqui,Bearn,jbearnlj@economist.com,+86 (403) 711-9259,Agender
777,Prentice,Fitzer,pfitzerlk@dot.gov,+55 (713) 395-2164,Genderqueer
778,Egor,O'Hegertie,eohegertiell@walmart.com,+351 (146) 608-8430,Female
779,Cesar,Vase,cvaselm@blinklist.com,+62 (956) 530-4551,Male
780,Lissy,Tacon,ltaconln@geocities.com,+63 (936) 923-8975,Male
781,Bennie,Bassill,bbassilllo@disqus.com,+47 (283) 211-6088,Bigender
782,Eldon,Tracey,etraceylp@feedburner.com,+86 (141) 830-7612,Polygender
783,Chiarra,Fishbourne,cfishbournelq@paypal.com,+7 (908) 398-2923,Bigender
784,Rodie,Recher,rrecherlr@list-manage.com,+86 (154) 950-7461,Agender
785,Kellia,Deneve,kdenevels@discovery.com,+86 (164) 642-9076,Bigender
786,Carry,Stedall,cstedalllt@amazonaws.com,+351 (654) 126-1094,Non-binary
787,Madalena,Fenn,mfennlu@cbc.ca,+63 (625) 489-2071,Agender
788,Irene,Lente,ilentelv@pinterest.com,+63 (768) 935-9682,Female
789,Jamie,Everson,jeversonlw@ft.com,+51 (468) 418-7908,Genderqueer
790,Linette,Cattemull,lcattemulllx@dyndns.org,+380 (165) 168-5303,Genderqueer
791,Sarah,Faas,sfaasly@linkedin.com,+355 (100) 930-7164,Polygender
792,Peirce,Saunt,psauntlz@wordpress.org,+507 (636) 539-2292,Female
793,Kissie,Stronough,kstronoughm0@engadget.com,+48 (858) 119-3550,Bigender
794,Norrie,Mousley,nmousleym1@unblog.fr,+63 (462) 100-6702,Bigender
795,Chery,Cuff,ccuffm2@fda.gov,+353 (382) 575-1602,Male
796,Enrichetta,Harkus,eharkusm3@storify.com,+63 (615) 154-8376,Non-binary
797,Jasper,Veregan,jvereganm4@scientificamerican.com,+81 (816) 874-2138,Agender
798,Barry,Liveley,bliveleym5@de.vu,+47 (946) 861-2782,Non-binary
799,Tamra,Beeres,tbeeresm6@deliciousdays.com,+47 (387) 134-8481,Genderqueer
800,Quintilla,Barwood,qbarwoodm7@homestead.com,+47 (795) 820-3931,Male
801,Alanna,Cerman,acermanm8@photobucket.com,+420 (759) 639-9959,Agender
802,Derry,Crombleholme,dcrombleholmem9@bravesites.com,+86 (731) 540-7907,Male
803,Jaymee,Farnin,jfarninma@goodreads.com,+93 (931) 216-4936,Bigender
804,Arne,Merrien,amerrienmb@ucla.edu,+86 (414) 985-4539,Agender
805,Mitchel,Lovekin,mlovekinmc@i2i.jp,+963 (717) 773-5273,Non-binary
806,Devinne,Creggan,dcregganmd@omniture.com,+63 (967) 956-9842,Bigender
807,Jenna,Nobbs,jnobbsme@chronoengine.com,+7 (970) 843-8442,Genderqueer
808,Melamie,Alchin,malchinmf@who.int,+351 (338) 343-0085,Non-binary
809,Simone,Grendon,sgrendonmg@booking.com,+62 (128) 675-5256,Bigender
810,Margareta,Docket,mdocketmh@comcast.net,+63 (741) 675-2614,Bigender
811,Valma,Kachel,vkachelmi@newsvine.com,+51 (918) 671-9579,Agender
812,Elbertina,Tufts,etuftsmj@mit.edu,+970 (654) 424-4944,Genderqueer
813,Allie,Crutchley,acrutchleymk@meetup.com,+86 (623) 703-9611,Non-binary
814,Tory,Sarjeant,tsarjeantml@canalblog.com,+48 (438) 978-9461,Bigender
815,Holly-anne,Hunnicutt,hhunnicuttmm@photobucket.com,+998 (763) 900-2068,Agender
816,Burr,McKie,bmckiemn@sohu.com,+57 (313) 635-4605,Non-binary
817,Brennen,Auten,bautenmo@cafepress.com,+46 (806) 287-2657,Female
818,Wylie,Skipton,wskiptonmp@gmpg.org,+378 (503) 330-6388,Non-binary
819,Kaleb,Bentame,kbentamemq@google.pl,+33 (236) 811-1380,Genderfluid
820,Mariele,Tight,mtightmr@google.co.jp,+358 (572) 303-4948,Genderqueer
821,Selene,Reide,sreidems@123-reg.co.uk,+30 (934) 833-1076,Female
822,Raquela,Druce,rdrucemt@bigcartel.com,+86 (335) 854-5638,Bigender
823,Roch,Crunden,rcrundenmu@pagesperso-orange.fr,+1 (929) 566-4053,Genderqueer
824,Olag,McLarnon,omclarnonmv@fc2.com,+48 (710) 319-3776,Genderfluid
825,Gale,Abdon,gabdonmw@dell.com,+62 (796) 873-7037,Bigender
826,Inessa,Grisdale,igrisdalemx@ox.ac.uk,+86 (788) 872-1899,Genderqueer
827,Itch,Postill,ipostillmy@nydailynews.com,+48 (762) 283-2580,Genderqueer
828,Maurizia,Hendrich,mhendrichmz@google.pl,+54 (461) 966-0004,Polygender
829,Delly,Fawdry,dfawdryn0@cnbc.com,+93 (821) 894-9345,Female
830,Jessamine,Corrington,jcorringtonn1@gmpg.org,+212 (553) 589-2578,Non-binary
831,Anton,Clowney,aclowneyn2@studiopress.com,+7 (629) 908-1663,Bigender
832,Sheffield,Haslum,shaslumn3@exblog.jp,+86 (690) 166-5489,Non-binary
833,Rozalin,Tomasino,rtomasinon4@bigcartel.com,+351 (798) 490-9369,Female
834,Melva,Meininking,mmeininkingn5@feedburner.com,+504 (501) 742-0607,Agender
835,Elita,Locks,elocksn6@imdb.com,+351 (531) 414-1769,Non-binary
836,Zaneta,Snoddy,zsnoddyn7@sfgate.com,+86 (373) 934-4895,Genderqueer
837,Christabella,Joss,cjossn8@cyberchimps.com,+260 (129) 948-4067,Male
838,Falito,Healings,fhealingsn9@mac.com,+86 (932) 503-0634,Non-binary
839,Susannah,Ingarfill,singarfillna@amazon.com,+291 (837) 836-5696,Genderfluid
840,Willa,Rubartelli,wrubartellinb@cbsnews.com,+46 (494) 433-8304,Genderfluid
841,Juli,Danilov,jdanilovnc@skyrock.com,+47 (413) 910-1871,Non-binary
842,Egan,Vere,everend@drupal.org,+86 (960) 132-6228,Polygender
843,Vally,Stawell,vstawellne@twitpic.com,+1 (616) 772-7599,Non-binary
844,Yale,Weatherall,yweatherallnf@samsung.com,+86 (265) 342-4495,Bigender
845,Avery,Calley,acalleyng@goo.ne.jp,+62 (848) 933-5436,Non-binary
846,Farica,Barlee,fbarleenh@over-blog.com,+98 (407) 116-8346,Male
847,Anabella,De Benedetti,adebenedettini@senate.gov,+54 (210) 169-5850,Bigender
848,Robinett,Gribbell,rgribbellnj@soundcloud.com,+33 (788) 254-9972,Polygender
849,Evangeline,Laurent,elaurentnk@telegraph.co.uk,+55 (338) 657-2679,Male
850,Teresa,Helstrip,thelstripnl@goo.gl,+880 (500) 653-1965,Bigender
851,Clementina,Bleything,cbleythingnm@icio.us,+55 (964) 878-2716,Female
852,Noam,Warricker,nwarrickernn@homestead.com,+86 (264) 466-1248,Bigender
853,Lucinda,Kopf,lkopfno@devhub.com,+52 (796) 164-7766,Polygender
854,Cyb,Byham,cbyhamnp@sphinn.com,+351 (333) 957-3069,Male
855,Murry,Streeten,mstreetennq@bandcamp.com,+54 (418) 985-9045,Non-binary
856,Willamina,Ghirigori,wghirigorinr@ask.com,+504 (262) 557-0694,Bigender
857,Wanids,Feetham,wfeethamns@yahoo.co.jp,+351 (593) 258-2210,Bigender
858,Leela,Waistall,lwaistallnt@jiathis.com,+355 (584) 312-7462,Polygender
859,Rolf,Dealy,rdealynu@ycombinator.com,+30 (767) 245-0264,Polygender
860,Sonnie,Lodevick,slodevicknv@cdbaby.com,+46 (350) 476-8224,Polygender
861,Eugenia,Ramiro,eramironw@wisc.edu,+63 (555) 434-8430,Bigender
862,Court,Paoli,cpaolinx@livejournal.com,+63 (174) 196-5419,Polygender
863,Gregg,Whiffen,gwhiffenny@hostgator.com,+86 (663) 794-2314,Male
864,Sonny,Boulton,sboultonnz@bing.com,+593 (723) 831-5650,Genderfluid
865,Jim,Edwicker,jedwickero0@whitehouse.gov,+86 (323) 629-6697,Genderqueer
866,Melva,Adaway,madawayo1@timesonline.co.uk,+55 (908) 558-8793,Agender
867,Calli,Melesk,cmelesko2@hao123.com,+976 (689) 917-7207,Genderfluid
868,Antonietta,Mityashin,amityashino3@nifty.com,+86 (645) 714-6594,Male
869,Alexandre,Bench,abencho4@theglobeandmail.com,+63 (903) 621-1785,Bigender
870,Darin,Fontel,dfontelo5@about.me,+381 (455) 650-3766,Bigender
871,Nicholle,Haresnape,nharesnapeo6@mapy.cz,+351 (920) 517-6503,Agender
872,Lorita,Guerin,lguerino7@usda.gov,+86 (407) 872-3293,Bigender
873,Helli,Arrighini,harrighinio8@cpanel.net,+48 (142) 751-5727,Male
874,Lurleen,Fawcett,lfawcetto9@ning.com,+33 (825) 515-4048,Male
875,Bran,Pinel,bpineloa@state.tx.us,+66 (904) 190-0812,Genderfluid
876,Montague,Seers,mseersob@phoca.cz,+52 (866) 392-0086,Agender
877,Meghann,Karpushkin,mkarpushkinoc@zdnet.com,+86 (795) 702-6152,Bigender
878,Patrice,Ketteman,pkettemanod@yahoo.com,+504 (617) 663-8171,Bigender
879,Tabby,Mickan,tmickanoe@smugmug.com,+62 (304) 934-1029,Bigender
880,Sauncho,Bestwerthick,sbestwerthickof@t.co,+372 (979) 638-3472,Genderfluid
881,Wiley,Titterell,wtitterellog@addthis.com,+291 (664) 951-5401,Male
882,Bearnard,Vanyashkin,bvanyashkinoh@feedburner.com,+504 (948) 354-3220,Male
883,Jarrett,Woolis,jwoolisoi@wikia.com,+351 (990) 995-5026,Non-binary
884,Concettina,Thring,cthringoj@rediff.com,+7 (108) 847-8140,Genderqueer
885,Dyanna,Gerhold,dgerholdok@cbc.ca,+249 (532) 829-3309,Polygender
886,Charita,Moynihan,cmoynihanol@ask.com,+66 (546) 499-4772,Male
887,Roma,Blakes,rblakesom@unicef.org,+358 (584) 153-6306,Polygender
888,Ruddy,Rostern,rrosternon@artisteer.com,+66 (913) 681-0673,Genderfluid
889,Parrnell,Greatland,pgreatlandoo@ftc.gov,+86 (590) 135-8734,Bigender
890,Merv,Pawlik,mpawlikop@timesonline.co.uk,+506 (548) 277-1857,Genderfluid
891,Rodrique,Peiser,rpeiseroq@forbes.com,+504 (472) 355-3717,Non-binary
892,Catlee,Halsey,chalseyor@mozilla.org,+251 (198) 903-1683,Female
893,Immanuel,Diament,idiamentos@geocities.com,+53 (709) 642-9989,Polygender
894,Konstantine,Spino,kspinoot@npr.org,+381 (325) 409-0825,Non-binary
895,Welbie,Mechic,wmechicou@sciencedaily.com,+62 (155) 898-8256,Male
896,Wolfgang,Masdon,wmasdonov@hc360.com,+62 (736) 987-4857,Polygender
897,Garwood,Molian,gmolianow@indiatimes.com,+86 (417) 235-0695,Male
898,Micheil,Ornils,mornilsox@dailymail.co.uk,+389 (489) 874-7742,Genderfluid
899,Berna,Benn,bbennoy@ucoz.com,+380 (599) 524-0368,Agender
900,Goldie,Baunton,gbauntonoz@vkontakte.ru,+420 (326) 596-1640,Bigender
901,Silvain,Cheson,schesonp0@dmoz.org,+86 (210) 890-1437,Agender
902,Caroljean,Van de Velde,cvandeveldep1@yale.edu,+55 (777) 495-9780,Polygender
903,Kaylee,Cuvley,kcuvleyp2@discuz.net,+86 (842) 810-9680,Polygender
904,Nonnah,Jouannot,njouannotp3@yahoo.com,+55 (813) 514-6248,Polygender
905,Fraser,Argyle,fargylep4@icio.us,+51 (365) 778-2897,Polygender
906,Hans,Farnall,hfarnallp5@t-online.de,+86 (636) 325-8217,Genderfluid
907,Frances,Ludwikiewicz,fludwikiewiczp6@state.tx.us,+1 (319) 395-9907,Non-binary
908,Dixie,Verdey,dverdeyp7@timesonline.co.uk,+86 (725) 828-0043,Agender
909,Rosaleen,Cicchetto,rcicchettop8@zdnet.com,+62 (291) 728-7779,Non-binary
910,Olin,Battye,obattyep9@scientificamerican.com,+62 (357) 467-5720,Genderfluid
911,Joni,Elsbury,jelsburypa@comcast.net,+55 (230) 118-0974,Genderqueer
912,Dagny,Fransman,dfransmanpb@census.gov,+92 (109) 659-5598,Non-binary
913,Barris,Ourtic,bourticpc@biglobe.ne.jp,+86 (671) 778-1553,Male
914,Eddi,MacAlister,emacalisterpd@constantcontact.com,+86 (198) 575-0495,Polygender
915,Jelene,Greenslade,jgreensladepe@privacy.gov.au,+86 (823) 852-6946,Polygender
916,Gabby,Ithell,githellpf@seesaa.net,+86 (523) 190-4204,Polygender
917,Desirae,Lightowlers,dlightowlerspg@hostgator.com,+86 (431) 334-1674,Non-binary
918,Carmita,Garside,cgarsideph@google.com,+351 (341) 803-5607,Female
919,Mireielle,Murkitt,mmurkittpi@yandex.ru,+256 (524) 134-4356,Female
920,Valli,McCosh,vmccoshpj@addthis.com,+7 (528) 529-4206,Agender
921,Sallee,Lorimer,slorimerpk@taobao.com,+81 (574) 814-3767,Non-binary
922,Tammi,Martynov,tmartynovpl@netvibes.com,+57 (829) 502-2140,Polygender
923,Ashley,O'Corrane,aocorranepm@yahoo.co.jp,+63 (304) 584-1206,Agender
924,Nata,Fries,nfriespn@hud.gov,+46 (105) 948-4511,Bigender
925,Kayne,Moorerud,kmoorerudpo@xing.com,+46 (495) 206-7390,Polygender
926,Giana,Wadley,gwadleypp@unesco.org,+55 (711) 354-6608,Agender
927,Christiana,Caldera,ccalderapq@columbia.edu,+62 (258) 250-4581,Agender
928,Belva,Coltart,bcoltartpr@ycombinator.com,+55 (709) 543-1721,Genderfluid
929,Ann,Pleager,apleagerps@mashable.com,+54 (807) 481-4944,Agender
930,Chet,Riccione,criccionept@surveymonkey.com,+351 (393) 283-6126,Non-binary
931,Quincey,Riseborough,qriseboroughpu@howstuffworks.com,+60 (451) 496-6347,Polygender
932,Bradford,Boscott,bboscottpv@hugedomains.com,+86 (523) 578-4330,Bigender
933,Nertie,Catanheira,ncatanheirapw@is.gd,+98 (423) 653-3012,Male
934,Sasha,Ashdown,sashdownpx@scientificamerican.com,+48 (604) 983-0262,Non-binary
935,Russell,Edwards,redwardspy@deviantart.com,+86 (932) 150-3484,Female
936,Lucienne,Oldknow,loldknowpz@patch.com,+7 (327) 228-0689,Polygender
937,Cordula,Dashkov,cdashkovq0@linkedin.com,+86 (664) 798-7762,Male
938,Norby,Wallege,nwallegeq1@reverbnation.com,+62 (767) 335-5113,Male
939,Kelwin,Edwicker,kedwickerq2@amazon.com,+86 (145) 129-2034,Polygender
940,Arty,Broseke,abrosekeq3@quantcast.com,+62 (437) 296-4844,Male
941,Dunstan,Hallifax,dhallifaxq4@baidu.com,+62 (106) 878-1015,Female
942,Chad,Farthin,cfarthinq5@acquirethisname.com,+261 (196) 984-5122,Agender
943,Noble,Defty,ndeftyq6@t.co,+63 (154) 918-8167,Genderfluid
944,Anneliese,Chinnock,achinnockq7@engadget.com,+62 (796) 638-2377,Genderqueer
945,Tish,Benfield,tbenfieldq8@purevolume.com,+63 (205) 727-8175,Bigender
946,Raff,Gates,rgatesq9@delicious.com,+33 (202) 123-3700,Bigender
947,Kile,Formilli,kformilliqa@nyu.edu,+60 (659) 420-8059,Agender
948,Darill,Crielly,dcriellyqb@unblog.fr,+86 (549) 143-5711,Male
949,Kev,Krysiak,kkrysiakqc@canalblog.com,+86 (865) 882-2162,Female
950,Pearl,Blondin,pblondinqd@google.pl,+86 (314) 134-2454,Bigender
951,Betsy,Markussen,bmarkussenqe@4shared.com,+57 (785) 519-0734,Agender
952,Barrie,McCrohon,bmccrohonqf@google.co.uk,+7 (902) 525-4684,Non-binary
953,Mycah,Frill,mfrillqg@thetimes.co.uk,+46 (481) 290-5196,Genderqueer
954,Shea,Croux,scrouxqh@ebay.com,+62 (268) 241-2127,Male
955,Carmella,Castree,ccastreeqi@pen.io,+7 (216) 779-1502,Bigender
956,Malena,Pett,mpettqj@bbc.co.uk,+46 (433) 924-1138,Female
957,Thaxter,Tulley,ttulleyqk@msu.edu,+593 (629) 404-8142,Bigender
958,Bordy,Houten,bhoutenql@behance.net,+386 (594) 591-8342,Polygender
959,Ellswerth,Couttes,ecouttesqm@tinypic.com,+66 (711) 838-7602,Male
960,Andris,Samweyes,asamweyesqn@cyberchimps.com,+380 (183) 772-4375,Genderqueer
961,Harrie,Gommes,hgommesqo@twitter.com,+506 (285) 365-2086,Genderfluid
962,Athena,Comettoi,acomettoiqp@deviantart.com,+86 (354) 593-5555,Genderqueer
963,Jeniffer,Melloi,jmelloiqq@squidoo.com,+63 (583) 817-3051,Agender
964,Kanya,MacCahee,kmaccaheeqr@prweb.com,+375 (699) 212-0350,Genderfluid
965,Jennine,Van Hove,jvanhoveqs@google.pl,+86 (695) 338-8315,Genderfluid
966,Thia,Bertl,tbertlqt@4shared.com,+237 (270) 829-6969,Genderqueer
967,Amby,Toombes,atoombesqu@berkeley.edu,+7 (621) 966-9388,Genderqueer
968,Georgetta,Trowle,gtrowleqv@pbs.org,+55 (973) 546-7728,Genderfluid
969,Allie,Heed,aheedqw@photobucket.com,+233 (618) 835-0649,Polygender
970,Raynard,Aldin,raldinqx@cloudflare.com,+51 (526) 443-5111,Polygender
971,Wendie,Chisnall,wchisnallqy@addthis.com,+31 (795) 217-1527,Bigender
972,Sandy,Ornillos,sornillosqz@tuttocitta.it,+355 (154) 858-2837,Polygender
973,Mada,Chaise,mchaiser0@about.com,+86 (815) 112-2194,Male
974,Gray,Carder,gcarderr1@freewebs.com,+62 (929) 649-5734,Genderqueer
975,Stanfield,Filyaev,sfilyaevr2@oakley.com,+353 (721) 993-0012,Genderfluid
976,Edeline,Esposito,eespositor3@apache.org,+48 (309) 909-3267,Non-binary
977,Pete,Howse,phowser4@skype.com,+33 (563) 840-8682,Female
978,Wilfred,Moody,wmoodyr5@de.vu,+86 (164) 407-4261,Genderqueer
979,Munmro,Kerne,mkerner6@zimbio.com,+48 (505) 581-3939,Polygender
980,Ainslie,Scollard,ascollardr7@free.fr,+386 (692) 144-9953,Non-binary
981,Marshall,Mor,mmorr8@irs.gov,+7 (703) 710-5979,Bigender
982,Wayne,Schowenburg,wschowenburgr9@nps.gov,+86 (662) 176-5670,Female
983,Frazer,Kubis,fkubisra@cocolog-nifty.com,+51 (618) 592-3559,Non-binary
984,Jefferey,Prosser,jprosserrb@squidoo.com,+7 (364) 494-6129,Agender
985,Kyrstin,Hollingsbee,khollingsbeerc@rediff.com,+63 (865) 880-7845,Non-binary
986,Giles,Burbudge,gburbudgerd@slashdot.org,+63 (512) 506-5345,Genderqueer
987,Moria,Southerell,msoutherellre@purevolume.com,+33 (963) 246-2035,Polygender
988,Luther,Aubery,lauberyrf@techcrunch.com,+86 (314) 709-5200,Male
989,Karna,Tweedle,ktweedlerg@ustream.tv,+351 (992) 997-8571,Agender
990,Leanora,Christon,lchristonrh@xrea.com,+63 (244) 442-0331,Genderfluid
991,Kelsey,Clint,kclintri@hexun.com,+7 (853) 987-1485,Genderqueer
992,Seline,Giovannelli,sgiovannellirj@twitpic.com,+351 (799) 518-3863,Genderqueer
993,Harbert,Margetson,hmargetsonrk@usa.gov,+963 (832) 615-2313,Bigender
994,Chandler,Musgrove,cmusgroverl@nps.gov,+86 (471) 384-1067,Bigender
995,Errol,Theze,ethezerm@chronoengine.com,+7 (797) 481-3747,Genderfluid
996,Rodrick,Maseyk,rmaseykrn@taobao.com,+374 (708) 379-0448,Genderqueer
997,Frants,Twycross,ftwycrossro@constantcontact.com,+48 (282) 120-4660,Agender
998,Allard,Petera,apeterarp@imageshack.us,+241 (739) 626-6037,Non-binary
999,Abie,Futter,afutterrq@google.nl,+267 (153) 527-6831,Non-binary
1000,Schuyler,Sirman,ssirmanrr@51.la,+93 (780) 828-1021,Agender
